"NUMBER","CODE","NAME","TYPE1","TYPE2","GENERATION","LEGENDARY","MEGA_EVOLUTION","HP","ATK","DEF","SP_ATK","SP_DEF","SPD",,,,,,,,
1,1,"Bulbasaur","Grass","Poison",1,0,0,45,49,49,65,65,45,,,,,,,,
2,1,"Ivysaur","Grass","Poison",1,0,0,60,62,63,80,80,60,,,,,,,,
3,1,"Venusaur","Grass","Poison",1,0,1,80,82,83,100,100,80,,,,,,,,
3,2,"Mega Venusaur","Grass","Poison",1,0,1,80,100,123,122,120,80,,,,,,,,
4,1,"Charmander","Fire",,1,0,0,39,52,43,60,50,65,,,,,,,,
5,1,"Charmeleon","Fire",,1,0,0,58,64,58,80,65,80,,,,,,,,
6,1,"Charizard","Fire","Flying",1,0,1,78,84,78,109,85,100,,,,,,,,
6,2,"Mega Charizard X","Fire","Dragon",1,0,1,78,130,111,130,85,100,,,,,,,,
6,3,"Mega Charizard Y","Fire","Flying",1,0,1,78,104,78,159,115,100,,,,,,,,
7,1,"Squirtle","Water",,1,0,0,44,48,65,50,64,43,,,,,,,,
8,1,"Wartortle","Water",,1,0,0,59,63,80,65,80,58,,,,,,,,
9,1,"Blastoise","Water",,1,0,1,79,83,100,85,105,78,,,,,,,,
9,2,"Mega Blastoise","Water",,1,0,1,79,103,120,135,115,78,,,,,,,,
10,1,"Caterpie","Bug",,1,0,0,45,30,35,20,20,45,,,,,,,,
11,1,"Metapod","Bug",,1,0,0,50,20,55,25,25,30,,,,,,,,
12,1,"Butterfree","Bug","Flying",1,0,0,60,45,50,90,80,70,,,,,,,,
13,1,"Weedle","Bug","Poison",1,0,0,40,35,30,20,20,50,,,,,,,,
14,1,"Kakuna","Bug","Poison",1,0,0,45,25,50,25,25,35,,,,,,,,
15,1,"Beedrill","Bug","Poison",1,0,1,65,90,40,45,80,75,,,,,,,,
15,2,"Mega Beedrill","Bug","Poison",1,0,1,65,150,40,15,80,145,,,,,,,,
16,1,"Pidgey","Normal","Flying",1,0,0,40,45,40,35,35,56,,,,,,,,
17,1,"Pidgeotto","Normal","Flying",1,0,0,63,60,55,50,50,71,,,,,,,,
18,1,"Pidgeot","Normal","Flying",1,0,1,83,80,75,70,70,101,,,,,,,,
18,2,"Mega Pidgeot","Normal","Flying",1,0,1,83,80,80,135,80,121,,,,,,,,
19,1,"Rattata","Normal",,1,0,0,30,56,35,25,35,72,,,,,,,,
19,2,"Rattata","Dark","Normal",7,0,0,30,56,35,25,35,72,,,,,,,,
20,1,"Raticate","Normal",,1,0,0,55,81,60,50,70,97,,,,,,,,
20,2,"Raticate","Dark","Normal",7,0,0,75,71,70,40,80,77,,,,,,,,
21,1,"Spearow","Normal","Flying",1,0,0,40,60,30,31,31,70,,,,,,,,
22,1,"Fearow","Normal","Flying",1,0,0,65,90,65,61,61,100,,,,,,,,
23,1,"Ekans","Poison",,1,0,0,35,60,44,40,54,55,,,,,,,,
24,1,"Arbok","Poison",,1,0,0,60,95,69,65,79,80,,,,,,,,
25,1,"Pikachu","Electric",,1,0,0,35,55,40,50,50,90,,,,,,,,
26,1,"Raichu","Electric",,1,0,0,60,90,55,90,80,110,,,,,,,,
26,2,"Raichu","Electric","Psychic",7,0,0,60,85,50,95,85,110,,,,,,,,
27,1,"Sandshrew","Ground",,1,0,0,50,75,85,20,30,40,,,,,,,,
27,2,"Sandshrew","Ice","Steel",7,0,0,50,75,90,10,35,40,,,,,,,,
28,1,"Sandslash","Ground",,1,0,0,75,100,110,45,55,65,,,,,,,,
28,2,"Sandslash","Ice","Steel",7,0,0,75,100,120,25,65,65,,,,,,,,
29,1,"Nidoran F","Poison",,1,0,0,55,47,52,40,40,41,,,,,,,,
30,1,"Nidorina","Poison",,1,0,0,70,62,67,55,55,56,,,,,,,,
31,1,"Nidoqueen","Poison","Ground",1,0,0,90,92,87,75,85,76,,,,,,,,
32,1,"Nidoran M","Poison",,1,0,0,46,57,40,40,40,50,,,,,,,,
33,1,"Nidorino","Poison",,1,0,0,61,72,57,55,55,65,,,,,,,,
34,1,"Nidoking","Poison","Ground",1,0,0,81,102,77,85,75,85,,,,,,,,
35,1,"Clefairy","Fairy",,1,0,0,70,45,48,60,65,35,,,,,,,,
36,1,"Clefable","Fairy",,1,0,0,95,70,73,95,90,60,,,,,,,,
37,1,"Vulpix","Fire",,1,0,0,38,41,40,50,65,65,,,,,,,,
37,2,"Vulpix","Ice",,7,0,0,38,41,40,50,65,65,,,,,,,,
38,1,"Ninetales","Fire",,1,0,0,73,76,75,81,100,100,,,,,,,,
38,2,"Ninetales","Ice","Fairy",7,0,0,73,67,75,81,100,109,,,,,,,,
39,1,"Jigglypuff","Normal","Fairy",1,0,0,115,45,20,45,25,20,,,,,,,,
40,1,"Wigglytuff","Normal","Fairy",1,0,0,140,70,45,85,50,45,,,,,,,,
41,1,"Zubat","Poison","Flying",1,0,0,40,45,35,30,40,55,,,,,,,,
42,1,"Golbat","Poison","Flying",1,0,0,75,80,70,65,75,90,,,,,,,,
43,1,"Oddish","Grass","Poison",1,0,0,45,50,55,75,65,30,,,,,,,,
44,1,"Gloom","Grass","Poison",1,0,0,60,65,70,85,75,40,,,,,,,,
45,1,"Vileplume","Grass","Poison",1,0,0,75,80,85,110,90,50,,,,,,,,
46,1,"Paras","Bug","Grass",1,0,0,35,70,55,45,55,25,,,,,,,,
47,1,"Parasect","Bug","Grass",1,0,0,60,95,80,60,80,30,,,,,,,,
48,1,"Venonat","Bug","Poison",1,0,0,60,55,50,40,55,45,,,,,,,,
49,1,"Venomoth","Bug","Poison",1,0,0,70,65,60,90,75,90,,,,,,,,
50,1,"Diglett","Ground",,1,0,0,10,55,25,35,45,95,,,,,,,,
50,2,"Diglett","Ground","Steel",7,0,0,10,55,30,35,45,90,,,,,,,,
51,1,"Dugtrio","Ground",,1,0,0,35,100,50,50,70,120,,,,,,,,
51,2,"Dugtrio","Ground","Steel",7,0,0,35,100,60,50,70,110,,,,,,,,
52,1,"Meowth","Normal",,1,0,0,40,45,35,40,40,90,,,,,,,,
52,2,"Meowth","Dark",,7,0,0,40,35,35,50,40,90,,,,,,,,
52,3,"Meowth","Steel",,8,0,0,50,65,55,40,40,40,,,,,,,,
53,1,"Persian","Normal",,1,0,0,65,70,60,65,65,115,,,,,,,,
53,2,"Persian","Dark",,7,0,0,65,60,60,75,65,115,,,,,,,,
54,1,"Psyduck","Water",,1,0,0,50,52,48,65,50,55,,,,,,,,
55,1,"Golduck","Water",,1,0,0,80,82,78,95,80,85,,,,,,,,
56,1,"Mankey","Fighting",,1,0,0,40,80,35,35,45,70,,,,,,,,
57,1,"Primeape","Fighting",,1,0,0,65,105,60,60,70,95,,,,,,,,
58,1,"Growlithe","Fire",,1,0,0,55,70,45,70,50,60,,,,,,,,
59,1,"Arcanine","Fire",,1,0,0,90,110,80,100,80,95,,,,,,,,
60,1,"Poliwag","Water",,1,0,0,40,50,40,40,40,90,,,,,,,,
61,1,"Poliwhirl","Water",,1,0,0,65,65,65,50,50,90,,,,,,,,
62,1,"Poliwrath","Water","Fighting",1,0,0,90,95,95,70,90,70,,,,,,,,
63,1,"Abra","Psychic",,1,0,0,25,20,15,105,55,90,,,,,,,,
64,1,"Kadabra","Psychic",,1,0,0,40,35,30,120,70,105,,,,,,,,
65,1,"Alakazam","Psychic",,1,0,1,55,50,45,135,95,120,,,,,,,,
65,2,"Mega Alakazam","Psychic",,1,0,1,55,50,65,175,95,150,,,,,,,,
66,1,"Machop","Fighting",,1,0,0,70,80,50,35,35,35,,,,,,,,
67,1,"Machoke","Fighting",,1,0,0,80,100,70,50,60,45,,,,,,,,
68,1,"Machamp","Fighting",,1,0,0,90,130,80,65,85,55,,,,,,,,
69,1,"Bellsprout","Grass","Poison",1,0,0,50,75,35,70,30,40,,,,,,,,
70,1,"Weepinbell","Grass","Poison",1,0,0,65,90,50,85,45,55,,,,,,,,
71,1,"Victreebel","Grass","Poison",1,0,0,80,105,65,100,70,70,,,,,,,,
72,1,"Tentacool","Water","Poison",1,0,0,40,40,35,50,100,70,,,,,,,,
73,1,"Tentacruel","Water","Poison",1,0,0,80,70,65,80,120,100,,,,,,,,
74,1,"Geodude","Rock","Ground",1,0,0,40,80,100,30,30,20,,,,,,,,
74,2,"Geodude","Rock","Electric",7,0,0,40,80,100,30,30,20,,,,,,,,
75,1,"Graveler","Rock","Ground",1,0,0,55,95,115,45,45,35,,,,,,,,
75,2,"Graveler","Rock","Electric",7,0,0,55,95,115,45,45,35,,,,,,,,
76,1,"Golem","Rock","Ground",1,0,0,80,120,130,55,65,45,,,,,,,,
76,2,"Golem","Rock","Electric",7,0,0,80,120,130,55,65,45,,,,,,,,
77,1,"Ponyta","Fire",,1,0,0,50,85,55,65,65,90,,,,,,,,
77,2,"Ponyta","Psychic",,8,0,0,50,85,55,65,65,90,,,,,,,,
78,1,"Rapidash","Fire",,1,0,0,65,100,70,80,80,105,,,,,,,,
78,2,"Rapidash","Psychic","Fairy",8,0,0,65,100,70,80,80,105,,,,,,,,
79,1,"Slowpoke","Water","Psychic",1,0,0,90,65,65,40,40,15,,,,,,,,
79,2,"Slowpoke","Psychic",,8,0,0,90,65,65,40,40,15,,,,,,,,
80,1,"Slowbro","Water","Psychic",1,0,0,95,75,110,100,80,30,,,,,,,,
80,2,"Slowbro","Poison","Psychic",8,0,1,95,100,95,100,70,30,,,,,,,,
80,3,"Mega Slowbro","Water","Psychic",1,0,1,95,75,180,130,80,30,,,,,,,,
81,1,"Magnemite","Electric","Steel",1,0,0,25,35,70,95,55,45,,,,,,,,
82,1,"Magneton","Electric","Steel",1,0,0,50,60,95,120,70,70,,,,,,,,
83,1,"Farfetch'd","Normal","Flying",1,0,0,52,90,55,58,62,60,,,,,,,,
83,2,"Farfetch'd","Fighting",,8,0,0,52,95,55,58,62,55,,,,,,,,
84,1,"Doduo","Normal","Flying",1,0,0,35,85,45,35,35,75,,,,,,,,
85,1,"Dodrio","Normal","Flying",1,0,0,60,110,70,60,60,110,,,,,,,,
86,1,"Seel","Water",,1,0,0,65,45,55,45,70,45,,,,,,,,
87,1,"Dewgong","Water","Ice",1,0,0,90,70,80,70,95,70,,,,,,,,
88,1,"Grimer","Poison",,1,0,0,80,80,50,40,50,25,,,,,,,,
88,2,"Grimer","Poison","Dark",7,0,0,80,80,50,40,50,25,,,,,,,,
89,1,"Muk","Poison",,1,0,0,105,105,75,65,100,50,,,,,,,,
89,2,"Muk","Poison","Dark",7,0,0,105,105,75,65,100,50,,,,,,,,
90,1,"Shellder","Water",,1,0,0,30,65,100,45,25,40,,,,,,,,
91,1,"Cloyster","Water","Ice",1,0,0,50,95,180,85,45,70,,,,,,,,
92,1,"Gastly","Ghost","Poison",1,0,0,30,35,30,100,35,80,,,,,,,,
93,1,"Haunter","Ghost","Poison",1,0,0,45,50,45,115,55,95,,,,,,,,
94,1,"Gengar","Ghost","Poison",1,0,1,60,65,60,130,75,110,,,,,,,,
94,2,"Mega Gengar","Ghost","Poison",1,0,1,60,65,80,170,95,130,,,,,,,,
95,1,"Onix","Rock","Ground",1,0,0,35,45,160,30,45,70,,,,,,,,
96,1,"Drowzee","Psychic",,1,0,0,60,48,45,43,90,42,,,,,,,,
97,1,"Hypno","Psychic",,1,0,0,85,73,70,73,115,67,,,,,,,,
98,1,"Krabby","Water",,1,0,0,30,105,90,25,25,50,,,,,,,,
99,1,"Kingler","Water",,1,0,0,55,130,115,50,50,75,,,,,,,,
100,1,"Voltorb","Electric",,1,0,0,40,30,50,55,55,100,,,,,,,,
101,1,"Electrode","Electric",,1,0,0,60,50,70,80,80,150,,,,,,,,
102,1,"Exeggcute","Grass","Psychic",1,0,0,60,40,80,60,45,40,,,,,,,,
103,1,"Exeggutor","Grass","Psychic",1,0,0,95,95,85,125,75,55,,,,,,,,
103,2,"Exeggutor","Grass","Dragon",7,0,0,95,105,85,125,75,45,,,,,,,,
104,1,"Cubone","Ground",,1,0,0,50,50,95,40,50,35,,,,,,,,
105,1,"Marowak","Ground",,1,0,0,60,80,110,50,80,45,,,,,,,,
105,2,"Marowak","Fire","Ghost",7,0,0,60,80,110,50,80,45,,,,,,,,
106,1,"Hitmonlee","Fighting",,1,0,0,50,120,53,35,110,87,,,,,,,,
107,1,"Hitmonchan","Fighting",,1,0,0,50,105,79,35,110,76,,,,,,,,
108,1,"Lickitung","Normal",,1,0,0,90,55,75,60,75,30,,,,,,,,
109,1,"Koffing","Poison",,1,0,0,40,65,95,60,45,35,,,,,,,,
110,1,"Weezing","Poison",,1,0,0,65,90,120,85,70,60,,,,,,,,
110,2,"Weezing","Poison","Fairy",8,0,0,65,90,120,85,70,60,,,,,,,,
111,1,"Rhyhorn","Ground","Rock",1,0,0,80,85,95,30,30,25,,,,,,,,
112,1,"Rhydon","Ground","Rock",1,0,0,105,130,120,45,45,40,,,,,,,,
113,1,"Chansey","Normal",,1,0,0,250,5,5,35,105,50,,,,,,,,
114,1,"Tangela","Grass",,1,0,0,65,55,115,100,40,60,,,,,,,,
115,1,"Kangaskhan","Normal",,1,0,1,105,95,80,40,80,90,,,,,,,,
115,2,"Mega Kangaskhan","Normal",,1,0,1,105,125,100,60,100,100,,,,,,,,
116,1,"Horsea","Water",,1,0,0,30,40,70,70,25,60,,,,,,,,
117,1,"Seadra","Water",,1,0,0,55,65,95,95,45,85,,,,,,,,
118,1,"Goldeen","Water",,1,0,0,45,67,60,35,50,63,,,,,,,,
119,1,"Seaking","Water",,1,0,0,80,92,65,65,80,68,,,,,,,,
120,1,"Staryu","Water",,1,0,0,30,45,55,70,55,85,,,,,,,,
121,1,"Starmie","Water","Psychic",1,0,0,60,75,85,100,85,115,,,,,,,,
122,1,"Mr. Mime","Psychic","Fairy",1,0,0,40,45,65,100,120,90,,,,,,,,
122,2,"Mr. Mime","Psychic","Ice",8,0,0,50,65,65,90,90,100,,,,,,,,
123,1,"Scyther","Bug","Flying",1,0,0,70,110,80,55,80,105,,,,,,,,
124,1,"Jynx","Ice","Psychic",1,0,0,65,50,35,115,95,95,,,,,,,,
125,1,"Electabuzz","Electric",,1,0,0,65,83,57,95,85,105,,,,,,,,
126,1,"Magmar","Fire",,1,0,0,65,95,57,100,85,93,,,,,,,,
127,1,"Pinsir","Bug",,1,0,1,65,125,100,55,70,85,,,,,,,,
127,2,"Mega Pinsir","Bug","Flying",1,0,1,65,155,120,65,90,105,,,,,,,,
128,1,"Tauros","Normal",,1,0,0,75,100,95,40,70,110,,,,,,,,
129,1,"Magikarp","Water",,1,0,0,20,10,55,15,20,80,,,,,,,,
130,1,"Gyarados","Water","Flying",1,0,1,95,125,79,60,100,81,,,,,,,,
130,2,"Mega Gyarados","Water","Dark",1,0,1,95,155,109,70,130,81,,,,,,,,
131,1,"Lapras","Water","Ice",1,0,0,130,85,80,85,95,60,,,,,,,,
132,1,"Ditto","Normal",,1,0,0,48,48,48,48,48,48,,,,,,,,
133,1,"Eevee","Normal",,1,0,0,55,55,50,45,65,55,,,,,,,,
134,1,"Vaporeon","Water",,1,0,0,130,65,60,110,95,65,,,,,,,,
135,1,"Jolteon","Electric",,1,0,0,65,65,60,110,95,130,,,,,,,,
136,1,"Flareon","Fire",,1,0,0,65,130,60,95,110,65,,,,,,,,
137,1,"Porygon","Normal",,1,0,0,65,60,70,85,75,40,,,,,,,,
138,1,"Omanyte","Rock","Water",1,0,0,35,40,100,90,55,35,,,,,,,,
139,1,"Omastar","Rock","Water",1,0,0,70,60,125,115,70,55,,,,,,,,
140,1,"Kabuto","Rock","Water",1,0,0,30,80,90,55,45,55,,,,,,,,
141,1,"Kabutops","Rock","Water",1,0,0,60,115,105,65,70,80,,,,,,,,
142,1,"Aerodactyl","Rock","Flying",1,0,1,80,105,65,60,75,130,,,,,,,,
142,2,"Mega Aerodactyl","Rock","Flying",1,0,1,80,135,85,70,95,150,,,,,,,,
143,1,"Snorlax","Normal",,1,0,0,160,110,65,65,110,30,,,,,,,,
144,1,"Articuno","Ice","Flying",1,1,0,90,85,100,95,125,85,,,,,,,,
145,1,"Zapdos","Electric","Flying",1,1,0,90,90,85,125,90,100,,,,,,,,
146,1,"Moltres","Fire","Flying",1,1,0,90,100,90,125,85,90,,,,,,,,
147,1,"Dratini","Dragon",,1,0,0,41,64,45,50,50,50,,,,,,,,
148,1,"Dragonair","Dragon",,1,0,0,61,84,65,70,70,70,,,,,,,,
149,1,"Dragonite","Dragon","Flying",1,0,0,91,134,95,100,100,80,,,,,,,,
150,1,"Mewtwo","Psychic",,1,1,1,106,110,90,154,90,130,,,,,,,,
150,2,"Mega Mewtwo X","Psychic","Fighting",1,1,1,106,190,100,154,100,130,,,,,,,,
150,3,"Mega Mewtwo Y","Psychic",,1,1,1,106,150,70,194,120,140,,,,,,,,
151,1,"Mew","Psychic",,1,1,0,100,100,100,100,100,100,,,,,,,,
152,1,"Chikorita","Grass",,2,0,0,45,49,65,49,65,45,,,,,,,,
153,1,"Bayleef","Grass",,2,0,0,60,62,80,63,80,60,,,,,,,,
154,1,"Meganium","Grass",,2,0,0,80,82,100,83,100,80,,,,,,,,
155,1,"Cyndaquil","Fire",,2,0,0,39,52,43,60,50,65,,,,,,,,
156,1,"Quilava","Fire",,2,0,0,58,64,58,80,65,80,,,,,,,,
157,1,"Typhlosion","Fire",,2,0,0,78,84,78,109,85,100,,,,,,,,
158,1,"Totodile","Water",,2,0,0,50,65,64,44,48,43,,,,,,,,
159,1,"Croconaw","Water",,2,0,0,65,80,80,59,63,58,,,,,,,,
160,1,"Feraligatr","Water",,2,0,0,85,105,100,79,83,78,,,,,,,,
161,1,"Sentret","Normal",,2,0,0,35,46,34,35,45,20,,,,,,,,
162,1,"Furret","Normal",,2,0,0,85,76,64,45,55,90,,,,,,,,
163,1,"Hoothoot","Normal","Flying",2,0,0,60,30,30,36,56,50,,,,,,,,
164,1,"Noctowl","Normal","Flying",2,0,0,100,50,50,86,96,70,,,,,,,,
165,1,"Ledyba","Bug","Flying",2,0,0,40,20,30,40,80,55,,,,,,,,
166,1,"Ledian","Bug","Flying",2,0,0,55,35,50,55,110,85,,,,,,,,
167,1,"Spinarak","Bug","Poison",2,0,0,40,60,40,40,40,30,,,,,,,,
168,1,"Ariados","Bug","Poison",2,0,0,70,90,70,60,70,40,,,,,,,,
169,1,"Crobat","Poison","Flying",2,0,0,85,90,80,70,80,130,,,,,,,,
170,1,"Chinchou","Water","Electric",2,0,0,75,38,38,56,56,67,,,,,,,,
171,1,"Lanturn","Water","Electric",2,0,0,125,58,58,76,76,67,,,,,,,,
172,1,"Pichu","Electric",,2,0,0,20,40,15,35,35,60,,,,,,,,
173,1,"Cleffa","Fairy",,2,0,0,50,25,28,45,55,15,,,,,,,,
174,1,"Igglybuff","Normal","Fairy",2,0,0,90,30,15,40,20,15,,,,,,,,
175,1,"Togepi","Fairy",,2,0,0,35,20,65,40,65,20,,,,,,,,
176,1,"Togetic","Fairy","Flying",2,0,0,55,40,85,80,105,40,,,,,,,,
177,1,"Natu","Psychic","Flying",2,0,0,40,50,45,70,45,70,,,,,,,,
178,1,"Xatu","Psychic","Flying",2,0,0,65,75,70,95,70,95,,,,,,,,
179,1,"Mareep","Electric",,2,0,0,55,40,40,65,45,35,,,,,,,,
180,1,"Flaaffy","Electric",,2,0,0,70,55,55,80,60,45,,,,,,,,
181,1,"Ampharos","Electric",,2,0,1,90,75,85,115,90,55,,,,,,,,
181,2,"Mega Ampharos","Electric","Dragon",2,0,1,90,95,105,165,110,45,,,,,,,,
182,1,"Bellossom","Grass",,2,0,0,75,80,95,90,100,50,,,,,,,,
183,1,"Marill","Water","Fairy",2,0,0,70,20,50,20,50,40,,,,,,,,
184,1,"Azumarill","Water","Fairy",2,0,0,100,50,80,60,80,50,,,,,,,,
185,1,"Sudowoodo","Rock",,2,0,0,70,100,115,30,65,30,,,,,,,,
186,1,"Politoed","Water",,2,0,0,90,75,75,90,100,70,,,,,,,,
187,1,"Hoppip","Grass","Flying",2,0,0,35,35,40,35,55,50,,,,,,,,
188,1,"Skiploom","Grass","Flying",2,0,0,55,45,50,45,65,80,,,,,,,,
189,1,"Jumpluff","Grass","Flying",2,0,0,75,55,70,55,95,110,,,,,,,,
190,1,"Aipom","Normal",,2,0,0,55,70,55,40,55,85,,,,,,,,
191,1,"Sunkern","Grass",,2,0,0,30,30,30,30,30,30,,,,,,,,
192,1,"Sunflora","Grass",,2,0,0,75,75,55,105,85,30,,,,,,,,
193,1,"Yanma","Bug","Flying",2,0,0,65,65,45,75,45,95,,,,,,,,
194,1,"Wooper","Water","Ground",2,0,0,55,45,45,25,25,15,,,,,,,,
195,1,"Quagsire","Water","Ground",2,0,0,95,85,85,65,65,35,,,,,,,,
196,1,"Espeon","Psychic",,2,0,0,65,65,60,130,95,110,,,,,,,,
197,1,"Umbreon","Dark",,2,0,0,95,65,110,60,130,65,,,,,,,,
198,1,"Murkrow","Dark","Flying",2,0,0,60,85,42,85,42,91,,,,,,,,
199,1,"Slowking","Water","Psychic",2,0,0,95,75,80,100,110,30,,,,,,,,
200,1,"Misdreavus","Ghost",,2,0,0,60,60,60,85,85,85,,,,,,,,
201,1,"Unown","Psychic",,2,0,0,48,72,48,72,48,48,,,,,,,,
202,1,"Wobbuffet","Psychic",,2,0,0,190,33,58,33,58,33,,,,,,,,
203,1,"Girafarig","Normal","Psychic",2,0,0,70,80,65,90,65,85,,,,,,,,
204,1,"Pineco","Bug",,2,0,0,50,65,90,35,35,15,,,,,,,,
205,1,"Forretress","Bug","Steel",2,0,0,75,90,140,60,60,40,,,,,,,,
206,1,"Dunsparce","Normal",,2,0,0,100,70,70,65,65,45,,,,,,,,
207,1,"Gligar","Ground","Flying",2,0,0,65,75,105,35,65,85,,,,,,,,
208,1,"Steelix","Steel","Ground",2,0,1,75,85,200,55,65,30,,,,,,,,
208,2,"Mega Steelix","Steel","Ground",2,0,1,75,125,230,55,95,30,,,,,,,,
209,1,"Snubbull","Fairy",,2,0,0,60,80,50,40,40,30,,,,,,,,
210,1,"Granbull","Fairy",,2,0,0,90,120,75,60,60,45,,,,,,,,
211,1,"Qwilfish","Water","Poison",2,0,0,65,95,85,55,55,85,,,,,,,,
212,1,"Scizor","Bug","Steel",2,0,1,70,130,100,55,80,65,,,,,,,,
212,2,"Mega Scizor","Bug","Steel",2,0,1,70,150,140,65,100,75,,,,,,,,
213,1,"Shuckle","Bug","Rock",2,0,0,20,10,230,10,230,5,,,,,,,,
214,1,"Heracross","Bug","Fighting",2,0,1,80,125,75,40,95,85,,,,,,,,
214,2,"Mega Heracross","Bug","Fighting",2,0,1,80,185,115,40,105,75,,,,,,,,
215,1,"Sneasel","Dark","Ice",2,0,0,55,95,55,35,75,115,,,,,,,,
216,1,"Teddiursa","Normal",,2,0,0,60,80,50,50,50,40,,,,,,,,
217,1,"Ursaring","Normal",,2,0,0,90,130,75,75,75,55,,,,,,,,
218,1,"Slugma","Fire",,2,0,0,40,40,40,70,40,20,,,,,,,,
219,1,"Magcargo","Fire","Rock",2,0,0,60,50,120,90,80,30,,,,,,,,
220,1,"Swinub","Ice","Ground",2,0,0,50,50,40,30,30,50,,,,,,,,
221,1,"Piloswine","Ice","Ground",2,0,0,100,100,80,60,60,50,,,,,,,,
222,1,"Corsola","Water","Rock",2,0,0,65,55,95,65,95,35,,,,,,,,
222,2,"Corsola","Ghost",,8,0,0,65,55,100,65,100,30,,,,,,,,
223,1,"Remoraid","Water",,2,0,0,35,65,35,65,35,65,,,,,,,,
224,1,"Octillery","Water",,2,0,0,75,105,75,105,75,45,,,,,,,,
225,1,"Delibird","Ice","Flying",2,0,0,45,55,45,65,45,75,,,,,,,,
226,1,"Mantine","Water","Flying",2,0,0,85,40,70,80,140,70,,,,,,,,
227,1,"Skarmory","Steel","Flying",2,0,0,65,80,140,40,70,70,,,,,,,,
228,1,"Houndour","Dark","Fire",2,0,0,45,60,30,80,50,65,,,,,,,,
229,1,"Houndoom","Dark","Fire",2,0,1,75,90,50,110,80,95,,,,,,,,
229,2,"Mega Houndoom","Dark","Fire",2,0,1,75,90,90,140,90,115,,,,,,,,
230,1,"Kingdra","Water","Dragon",2,0,0,75,95,95,95,95,85,,,,,,,,
231,1,"Phanpy","Ground",,2,0,0,90,60,60,40,40,40,,,,,,,,
232,1,"Donphan","Ground",,2,0,0,90,120,120,60,60,50,,,,,,,,
233,1,"Porygon2","Normal",,2,0,0,85,80,90,105,95,60,,,,,,,,
234,1,"Stantler","Normal",,2,0,0,73,95,62,85,65,85,,,,,,,,
235,1,"Smeargle","Normal",,2,0,0,55,20,35,20,45,75,,,,,,,,
236,1,"Tyrogue","Fighting",,2,0,0,35,35,35,35,35,35,,,,,,,,
237,1,"Hitmontop","Fighting",,2,0,0,50,95,95,35,110,70,,,,,,,,
238,1,"Smoochum","Ice","Psychic",2,0,0,45,30,15,85,65,65,,,,,,,,
239,1,"Elekid","Electric",,2,0,0,45,63,37,65,55,95,,,,,,,,
240,1,"Magby","Fire",,2,0,0,45,75,37,70,55,83,,,,,,,,
241,1,"Miltank","Normal",,2,0,0,95,80,105,40,70,100,,,,,,,,
242,1,"Blissey","Normal",,2,0,0,255,10,10,75,135,55,,,,,,,,
243,1,"Raikou","Electric",,2,1,0,90,85,75,115,100,115,,,,,,,,
244,1,"Entei","Fire",,2,1,0,115,115,85,90,75,100,,,,,,,,
245,1,"Suicune","Water",,2,1,0,100,75,115,90,115,85,,,,,,,,
246,1,"Larvitar","Rock","Ground",2,0,0,50,64,50,45,50,41,,,,,,,,
247,1,"Pupitar","Rock","Ground",2,0,0,70,84,70,65,70,51,,,,,,,,
248,1,"Tyranitar","Rock","Dark",2,0,1,100,134,110,95,100,61,,,,,,,,
248,2,"Mega Tyranitar","Rock","Dark",2,0,1,100,164,150,95,120,71,,,,,,,,
249,1,"Lugia","Psychic","Flying",2,1,0,106,90,130,90,154,110,,,,,,,,
250,1,"Ho-Oh","Fire","Flying",2,1,0,106,130,90,110,154,90,,,,,,,,
251,1,"Celebi","Psychic","Grass",2,1,0,100,100,100,100,100,100,,,,,,,,
252,1,"Treecko","Grass",,3,0,0,40,45,35,65,55,70,,,,,,,,
253,1,"Grovyle","Grass",,3,0,0,50,65,45,85,65,95,,,,,,,,
254,1,"Sceptile","Grass",,3,0,1,70,85,65,105,85,120,,,,,,,,
254,2,"Mega Sceptile","Grass","Dragon",3,0,1,70,110,75,145,85,145,,,,,,,,
255,1,"Torchic","Fire",,3,0,0,45,60,40,70,50,45,,,,,,,,
256,1,"Combusken","Fire","Fighting",3,0,0,60,85,60,85,60,55,,,,,,,,
257,1,"Blaziken","Fire","Fighting",3,0,1,80,120,70,110,70,80,,,,,,,,
257,2,"Mega Blaziken","Fire","Fighting",3,0,1,80,160,80,130,80,100,,,,,,,,
258,1,"Mudkip","Water",,3,0,0,50,70,50,50,50,40,,,,,,,,
259,1,"Marshtomp","Water","Ground",3,0,0,70,85,70,60,70,50,,,,,,,,
260,1,"Swampert","Water","Ground",3,0,1,100,110,90,85,90,60,,,,,,,,
260,2,"Mega Swampert","Water","Ground",3,0,1,100,150,110,95,110,70,,,,,,,,
261,1,"Poochyena","Dark",,3,0,0,35,55,35,30,30,35,,,,,,,,
262,1,"Mightyena","Dark",,3,0,0,70,90,70,60,60,70,,,,,,,,
263,1,"Zigzagoon","Normal",,3,0,0,38,30,41,30,41,60,,,,,,,,
263,2,"Zigzagoon","Dark","Normal",8,0,0,38,30,41,30,41,60,,,,,,,,
264,1,"Linoone","Normal",,3,0,0,78,70,61,50,61,100,,,,,,,,
264,2,"Linoone","Dark","Normal",8,0,0,78,70,61,50,61,100,,,,,,,,
265,1,"Wurmple","Bug",,3,0,0,45,45,35,20,30,20,,,,,,,,
266,1,"Silcoon","Bug",,3,0,0,50,35,55,25,25,15,,,,,,,,
267,1,"Beautifly","Bug","Flying",3,0,0,60,70,50,100,50,65,,,,,,,,
268,1,"Cascoon","Bug",,3,0,0,50,35,55,25,25,15,,,,,,,,
269,1,"Dustox","Bug","Poison",3,0,0,60,50,70,50,90,65,,,,,,,,
270,1,"Lotad","Water","Grass",3,0,0,40,30,30,40,50,30,,,,,,,,
271,1,"Lombre","Water","Grass",3,0,0,60,50,50,60,70,50,,,,,,,,
272,1,"Ludicolo","Water","Grass",3,0,0,80,70,70,90,100,70,,,,,,,,
273,1,"Seedot","Grass",,3,0,0,40,40,50,30,30,30,,,,,,,,
274,1,"Nuzleaf","Grass","Dark",3,0,0,70,70,40,60,40,60,,,,,,,,
275,1,"Shiftry","Grass","Dark",3,0,0,90,100,60,90,60,80,,,,,,,,
276,1,"Taillow","Normal","Flying",3,0,0,40,55,30,30,30,85,,,,,,,,
277,1,"Swellow","Normal","Flying",3,0,0,60,85,60,75,50,125,,,,,,,,
278,1,"Wingull","Water","Flying",3,0,0,40,30,30,55,30,85,,,,,,,,
279,1,"Pelipper","Water","Flying",3,0,0,60,50,100,95,70,65,,,,,,,,
280,1,"Ralts","Psychic","Fairy",3,0,0,28,25,25,45,35,40,,,,,,,,
281,1,"Kirlia","Psychic","Fairy",3,0,0,38,35,35,65,55,50,,,,,,,,
282,1,"Gardevoir","Psychic","Fairy",3,0,1,68,65,65,125,115,80,,,,,,,,
282,2,"Mega Gardevoir","Psychic","Fairy",3,0,1,68,85,65,165,135,100,,,,,,,,
283,1,"Surskit","Bug","Water",3,0,0,40,30,32,50,52,65,,,,,,,,
284,1,"Masquerain","Bug","Flying",3,0,0,70,60,62,100,82,80,,,,,,,,
285,1,"Shroomish","Grass",,3,0,0,60,40,60,40,60,35,,,,,,,,
286,1,"Breloom","Grass","Fighting",3,0,0,60,130,80,60,60,70,,,,,,,,
287,1,"Slakoth","Normal",,3,0,0,60,60,60,35,35,30,,,,,,,,
288,1,"Vigoroth","Normal",,3,0,0,80,80,80,55,55,90,,,,,,,,
289,1,"Slaking","Normal",,3,0,0,150,160,100,95,65,100,,,,,,,,
290,1,"Nincada","Bug","Ground",3,0,0,31,45,90,30,30,40,,,,,,,,
291,1,"Ninjask","Bug","Flying",3,0,0,61,90,45,50,50,160,,,,,,,,
292,1,"Shedinja","Bug","Ghost",3,0,0,1,90,45,30,30,40,,,,,,,,
293,1,"Whismur","Normal",,3,0,0,64,51,23,51,23,28,,,,,,,,
294,1,"Loudred","Normal",,3,0,0,84,71,43,71,43,48,,,,,,,,
295,1,"Exploud","Normal",,3,0,0,104,91,63,91,73,68,,,,,,,,
296,1,"Makuhita","Fighting",,3,0,0,72,60,30,20,30,25,,,,,,,,
297,1,"Hariyama","Fighting",,3,0,0,144,120,60,40,60,50,,,,,,,,
298,1,"Azurill","Normal","Fairy",3,0,0,50,20,40,20,40,20,,,,,,,,
299,1,"Nosepass","Rock",,3,0,0,30,45,135,45,90,30,,,,,,,,
300,1,"Skitty","Normal",,3,0,0,50,45,45,35,35,50,,,,,,,,
301,1,"Delcatty","Normal",,3,0,0,70,65,65,55,55,90,,,,,,,,
302,1,"Sableye","Dark","Ghost",3,0,1,50,75,75,65,65,50,,,,,,,,
302,2,"Mega Sableye","Dark","Ghost",3,0,1,50,85,125,85,115,20,,,,,,,,
303,1,"Mawile","Steel","Fairy",3,0,1,50,85,85,55,55,50,,,,,,,,
303,2,"Mega Mawile","Steel","Fairy",3,0,1,50,105,125,55,95,50,,,,,,,,
304,1,"Aron","Steel","Rock",3,0,0,50,70,100,40,40,30,,,,,,,,
305,1,"Lairon","Steel","Rock",3,0,0,60,90,140,50,50,40,,,,,,,,
306,1,"Aggron","Steel","Rock",3,0,1,70,110,180,60,60,50,,,,,,,,
306,2,"Mega Aggron","Steel",,3,0,1,70,140,230,60,80,50,,,,,,,,
307,1,"Meditite","Fighting","Psychic",3,0,0,30,40,55,40,55,60,,,,,,,,
308,1,"Medicham","Fighting","Psychic",3,0,1,60,60,75,60,75,80,,,,,,,,
308,2,"Mega Medicham","Fighting","Psychic",3,0,1,60,100,85,80,85,100,,,,,,,,
309,1,"Electrike","Electric",,3,0,0,40,45,40,65,40,65,,,,,,,,
310,1,"Manectric","Electric",,3,0,1,70,75,60,105,60,105,,,,,,,,
310,2,"Mega Manectric","Electric",,3,0,1,70,75,80,135,80,135,,,,,,,,
311,1,"Plusle","Electric",,3,0,0,60,50,40,85,75,95,,,,,,,,
312,1,"Minun","Electric",,3,0,0,60,40,50,75,85,95,,,,,,,,
313,1,"Volbeat","Bug",,3,0,0,65,73,75,47,85,85,,,,,,,,
314,1,"Illumise","Bug",,3,0,0,65,47,75,73,85,85,,,,,,,,
315,1,"Roselia","Grass","Poison",3,0,0,50,60,45,100,80,65,,,,,,,,
316,1,"Gulpin","Poison",,3,0,0,70,43,53,43,53,40,,,,,,,,
317,1,"Swalot","Poison",,3,0,0,100,73,83,73,83,55,,,,,,,,
318,1,"Carvanha","Water","Dark",3,0,0,45,90,20,65,20,65,,,,,,,,
319,1,"Sharpedo","Water","Dark",3,0,1,70,120,40,95,40,95,,,,,,,,
319,2,"Mega Sharpedo","Water","Dark",3,0,1,70,140,70,110,65,105,,,,,,,,
320,1,"Wailmer","Water",,3,0,0,130,70,35,70,35,60,,,,,,,,
321,1,"Wailord","Water",,3,0,0,170,90,45,90,45,60,,,,,,,,
322,1,"Numel","Fire","Ground",3,0,0,60,60,40,65,45,35,,,,,,,,
323,1,"Camerupt","Fire","Ground",3,0,1,70,100,70,105,75,40,,,,,,,,
323,2,"Mega Camerupt","Fire","Ground",3,0,1,70,120,100,145,105,20,,,,,,,,
324,1,"Torkoal","Fire",,3,0,0,70,85,140,85,70,20,,,,,,,,
325,1,"Spoink","Psychic",,3,0,0,60,25,35,70,80,60,,,,,,,,
326,1,"Grumpig","Psychic",,3,0,0,80,45,65,90,110,80,,,,,,,,
327,1,"Spinda","Normal",,3,0,0,60,60,60,60,60,60,,,,,,,,
328,1,"Trapinch","Ground",,3,0,0,45,100,45,45,45,10,,,,,,,,
329,1,"Vibrava","Ground","Dragon",3,0,0,50,70,50,50,50,70,,,,,,,,
330,1,"Flygon","Ground","Dragon",3,0,0,80,100,80,80,80,100,,,,,,,,
331,1,"Cacnea","Grass",,3,0,0,50,85,40,85,40,35,,,,,,,,
332,1,"Cacturne","Grass","Dark",3,0,0,70,115,60,115,60,55,,,,,,,,
333,1,"Swablu","Normal","Flying",3,0,0,45,40,60,40,75,50,,,,,,,,
334,1,"Altaria","Dragon","Flying",3,0,1,75,70,90,70,105,80,,,,,,,,
334,2,"Mega Altaria","Dragon","Fairy",3,0,1,75,110,110,110,105,80,,,,,,,,
335,1,"Zangoose","Normal",,3,0,0,73,115,60,60,60,90,,,,,,,,
336,1,"Seviper","Poison",,3,0,0,73,100,60,100,60,65,,,,,,,,
337,1,"Lunatone","Rock","Psychic",3,0,0,90,55,65,95,85,70,,,,,,,,
338,1,"Solrock","Rock","Psychic",3,0,0,90,95,85,55,65,70,,,,,,,,
339,1,"Barboach","Water","Ground",3,0,0,50,48,43,46,41,60,,,,,,,,
340,1,"Whiscash","Water","Ground",3,0,0,110,78,73,76,71,60,,,,,,,,
341,1,"Corphish","Water",,3,0,0,43,80,65,50,35,35,,,,,,,,
342,1,"Crawdaunt","Water","Dark",3,0,0,63,120,85,90,55,55,,,,,,,,
343,1,"Baltoy","Ground","Psychic",3,0,0,40,40,55,40,70,55,,,,,,,,
344,1,"Claydol","Ground","Psychic",3,0,0,60,70,105,70,120,75,,,,,,,,
345,1,"Lileep","Rock","Grass",3,0,0,66,41,77,61,87,23,,,,,,,,
346,1,"Cradily","Rock","Grass",3,0,0,86,81,97,81,107,43,,,,,,,,
347,1,"Anorith","Rock","Bug",3,0,0,45,95,50,40,50,75,,,,,,,,
348,1,"Armaldo","Rock","Bug",3,0,0,75,125,100,70,80,45,,,,,,,,
349,1,"Feebas","Water",,3,0,0,20,15,20,10,55,80,,,,,,,,
350,1,"Milotic","Water",,3,0,0,95,60,79,100,125,81,,,,,,,,
351,1,"Castform","Normal",,3,0,0,70,70,70,70,70,70,,,,,,,,
351,2,"Castform","Fire",,3,0,0,70,70,70,70,70,70,,,,,,,,
351,3,"Castform","Water",,3,0,0,70,70,70,70,70,70,,,,,,,,
351,4,"Castform","Ice",,3,0,0,70,70,70,70,70,70,,,,,,,,
352,1,"Kecleon","Normal",,3,0,0,60,90,70,60,120,40,,,,,,,,
353,1,"Shuppet","Ghost",,3,0,0,44,75,35,63,33,45,,,,,,,,
354,1,"Banette","Ghost",,3,0,1,64,115,65,83,63,65,,,,,,,,
354,2,"Mega Banette","Ghost",,3,0,1,64,165,75,93,83,75,,,,,,,,
355,1,"Duskull","Ghost",,3,0,0,20,40,90,30,90,25,,,,,,,,
356,1,"Dusclops","Ghost",,3,0,0,40,70,130,60,130,25,,,,,,,,
357,1,"Tropius","Grass","Flying",3,0,0,99,68,83,72,87,51,,,,,,,,
358,1,"Chimecho","Psychic",,3,0,0,75,50,80,95,90,65,,,,,,,,
359,1,"Absol","Dark",,3,0,1,65,130,60,75,60,75,,,,,,,,
359,2,"Mega Absol","Dark",,3,0,1,65,150,60,115,60,115,,,,,,,,
360,1,"Wynaut","Psychic",,3,0,0,95,23,48,23,48,23,,,,,,,,
361,1,"Snorunt","Ice",,3,0,0,50,50,50,50,50,50,,,,,,,,
362,1,"Glalie","Ice",,3,0,1,80,80,80,80,80,80,,,,,,,,
362,2,"Mega Glalie","Ice",,3,0,1,80,120,80,120,80,100,,,,,,,,
363,1,"Spheal","Ice","Water",3,0,0,70,40,50,55,50,25,,,,,,,,
364,1,"Sealeo","Ice","Water",3,0,0,90,60,70,75,70,45,,,,,,,,
365,1,"Walrein","Ice","Water",3,0,0,110,80,90,95,90,65,,,,,,,,
366,1,"Clamperl","Water",,3,0,0,35,64,85,74,55,32,,,,,,,,
367,1,"Huntail","Water",,3,0,0,55,104,105,94,75,52,,,,,,,,
368,1,"Gorebyss","Water",,3,0,0,55,84,105,114,75,52,,,,,,,,
369,1,"Relicanth","Water","Rock",3,0,0,100,90,130,45,65,55,,,,,,,,
370,1,"Luvdisc","Water",,3,0,0,43,30,55,40,65,97,,,,,,,,
371,1,"Bagon","Dragon",,3,0,0,45,75,60,40,30,50,,,,,,,,
372,1,"Shelgon","Dragon",,3,0,0,65,95,100,60,50,50,,,,,,,,
373,1,"Salamence","Dragon","Flying",3,0,1,95,135,80,110,80,100,,,,,,,,
373,2,"Mega Salamence","Dragon","Flying",3,0,1,95,145,130,120,90,120,,,,,,,,
374,1,"Beldum","Steel","Psychic",3,0,0,40,55,80,35,60,30,,,,,,,,
375,1,"Metang","Steel","Psychic",3,0,0,60,75,100,55,80,50,,,,,,,,
376,1,"Metagross","Steel","Psychic",3,0,1,80,135,130,95,90,70,,,,,,,,
376,2,"Mega Metagross","Steel","Psychic",3,0,1,80,145,150,105,110,110,,,,,,,,
377,1,"Regirock","Rock",,3,1,0,80,100,200,50,100,50,,,,,,,,
378,1,"Regice","Ice",,3,1,0,80,50,100,100,200,50,,,,,,,,
379,1,"Registeel","Steel",,3,1,0,80,75,150,75,150,50,,,,,,,,
380,1,"Latias","Dragon","Psychic",3,1,1,80,80,90,110,130,110,,,,,,,,
380,2,"Mega Latias","Dragon","Psychic",3,1,1,80,100,120,140,150,110,,,,,,,,
381,1,"Latios","Dragon","Psychic",3,1,1,80,90,80,130,110,110,,,,,,,,
381,2,"Mega Latios","Dragon","Psychic",3,1,1,80,130,100,160,120,110,,,,,,,,
382,1,"Kyogre","Water",,3,1,1,100,100,90,150,140,90,,,,,,,,
382,2,"Primal Kyogre","Water",,3,1,1,100,150,90,180,160,90,,,,,,,,
383,1,"Groudon","Ground",,3,1,1,100,150,140,100,90,90,,,,,,,,
383,2,"Primal Groudon","Ground","Fire",3,1,1,100,180,160,150,90,90,,,,,,,,
384,1,"Rayquaza","Dragon","Flying",3,1,1,105,150,90,150,90,95,,,,,,,,
384,2,"Mega Rayquaza","Dragon","Flying",3,1,1,105,180,100,180,100,115,,,,,,,,
385,1,"Jirachi","Steel","Psychic",3,1,0,100,100,100,100,100,100,,,,,,,,
386,1,"Deoxys","Psychic",,3,1,0,50,150,50,150,50,150,,,,,,,,
386,2,"Deoxys","Psychic",,3,1,0,50,180,20,180,20,150,,,,,,,,
386,3,"Deoxys","Psychic",,3,1,0,50,70,160,70,160,90,,,,,,,,
386,4,"Deoxys","Psychic",,3,1,0,50,95,90,95,90,180,,,,,,,,
387,1,"Turtwig","Grass",,4,0,0,55,68,64,45,55,31,,,,,,,,
388,1,"Grotle","Grass",,4,0,0,75,89,85,55,65,36,,,,,,,,
389,1,"Torterra","Grass","Ground",4,0,0,95,109,105,75,85,56,,,,,,,,
390,1,"Chimchar","Fire",,4,0,0,44,58,44,58,44,61,,,,,,,,
391,1,"Monferno","Fire","Fighting",4,0,0,64,78,52,78,52,81,,,,,,,,
392,1,"Infernape","Fire","Fighting",4,0,0,76,104,71,104,71,108,,,,,,,,
393,1,"Piplup","Water",,4,0,0,53,51,53,61,56,40,,,,,,,,
394,1,"Prinplup","Water",,4,0,0,64,66,68,81,76,50,,,,,,,,
395,1,"Empoleon","Water","Steel",4,0,0,84,86,88,111,101,60,,,,,,,,
396,1,"Starly","Normal","Flying",4,0,0,40,55,30,30,30,60,,,,,,,,
397,1,"Staravia","Normal","Flying",4,0,0,55,75,50,40,40,80,,,,,,,,
398,1,"Staraptor","Normal","Flying",4,0,0,85,120,70,50,60,100,,,,,,,,
399,1,"Bidoof","Normal",,4,0,0,59,45,40,35,40,31,,,,,,,,
400,1,"Bibarel","Normal","Water",4,0,0,79,85,60,55,60,71,,,,,,,,
401,1,"Kricketot","Bug",,4,0,0,37,25,41,25,41,25,,,,,,,,
402,1,"Kricketune","Bug",,4,0,0,77,85,51,55,51,65,,,,,,,,
403,1,"Shinx","Electric",,4,0,0,45,65,34,40,34,45,,,,,,,,
404,1,"Luxio","Electric",,4,0,0,60,85,49,60,49,60,,,,,,,,
405,1,"Luxray","Electric",,4,0,0,80,120,79,95,79,70,,,,,,,,
406,1,"Budew","Grass","Poison",4,0,0,40,30,35,50,70,55,,,,,,,,
407,1,"Roserade","Grass","Poison",4,0,0,60,70,65,125,105,90,,,,,,,,
408,1,"Cranidos","Rock",,4,0,0,67,125,40,30,30,58,,,,,,,,
409,1,"Rampardos","Rock",,4,0,0,97,165,60,65,50,58,,,,,,,,
410,1,"Shieldon","Rock","Steel",4,0,0,30,42,118,42,88,30,,,,,,,,
411,1,"Bastiodon","Rock","Steel",4,0,0,60,52,168,47,138,30,,,,,,,,
412,1,"Burmy","Bug",,4,0,0,40,29,45,29,45,36,,,,,,,,
412,2,"Burmy","Bug",,4,0,0,40,29,45,29,45,36,,,,,,,,
412,3,"Burmy","Bug",,4,0,0,40,29,45,29,45,36,,,,,,,,
413,1,"Wormadam","Bug","Grass",4,0,0,60,59,85,79,105,36,,,,,,,,
413,2,"Wormadam","Bug","Ground",4,0,0,60,79,105,59,85,36,,,,,,,,
413,3,"Wormadam","Bug","Steel",4,0,0,60,69,95,69,95,36,,,,,,,,
414,1,"Mothim","Bug","Flying",4,0,0,70,94,50,94,50,66,,,,,,,,
415,1,"Combee","Bug","Flying",4,0,0,30,30,42,30,42,70,,,,,,,,
416,1,"Vespiquen","Bug","Flying",4,0,0,70,80,102,80,102,40,,,,,,,,
417,1,"Pachirisu","Electric",,4,0,0,60,45,70,45,90,95,,,,,,,,
418,1,"Buizel","Water",,4,0,0,55,65,35,60,30,85,,,,,,,,
419,1,"Floatzel","Water",,4,0,0,85,105,55,85,50,115,,,,,,,,
420,1,"Cherubi","Grass",,4,0,0,45,35,45,62,53,35,,,,,,,,
421,1,"Cherrim","Grass",,4,0,0,70,60,70,87,78,85,,,,,,,,
421,2,"Cherrim","Grass",,4,0,0,70,60,70,87,78,85,,,,,,,,
422,1,"Shellos","Water",,4,0,0,76,48,48,57,62,34,,,,,,,,
422,2,"Shellos","Water",,4,0,0,76,48,48,57,62,34,,,,,,,,
423,1,"Gastrodon","Water","Ground",4,0,0,111,83,68,92,82,39,,,,,,,,
423,2,"Gastrodon","Water","Ground",4,0,0,111,83,68,92,82,39,,,,,,,,
424,1,"Ambipom","Normal",,4,0,0,75,100,66,60,66,115,,,,,,,,
425,1,"Drifloon","Ghost","Flying",4,0,0,90,50,34,60,44,70,,,,,,,,
426,1,"Drifblim","Ghost","Flying",4,0,0,150,80,44,90,54,80,,,,,,,,
427,1,"Buneary","Normal",,4,0,0,55,66,44,44,56,85,,,,,,,,
428,1,"Lopunny","Normal",,4,0,1,65,76,84,54,96,105,,,,,,,,
428,2,"Mega Lopunny","Normal","Fighting",4,0,1,65,136,94,54,96,135,,,,,,,,
429,1,"Mismagius","Ghost",,4,0,0,60,60,60,105,105,105,,,,,,,,
430,1,"Honchkrow","Dark","Flying",4,0,0,100,125,52,105,52,71,,,,,,,,
431,1,"Glameow","Normal",,4,0,0,49,55,42,42,37,85,,,,,,,,
432,1,"Purugly","Normal",,4,0,0,71,82,64,64,59,112,,,,,,,,
433,1,"Chingling","Psychic",,4,0,0,45,30,50,65,50,45,,,,,,,,
434,1,"Stunky","Poison","Dark",4,0,0,63,63,47,41,41,74,,,,,,,,
435,1,"Skuntank","Poison","Dark",4,0,0,103,93,67,71,61,84,,,,,,,,
436,1,"Bronzor","Steel","Psychic",4,0,0,57,24,86,24,86,23,,,,,,,,
437,1,"Bronzong","Steel","Psychic",4,0,0,67,89,116,79,116,33,,,,,,,,
438,1,"Bonsly","Rock",,4,0,0,50,80,95,10,45,10,,,,,,,,
439,1,"Mime Jr.","Psychic","Fairy",4,0,0,20,25,45,70,90,60,,,,,,,,
440,1,"Happiny","Normal",,4,0,0,100,5,5,15,65,30,,,,,,,,
441,1,"Chatot","Normal","Flying",4,0,0,76,65,45,92,42,91,,,,,,,,
442,1,"Spiritomb","Ghost","Dark",4,0,0,50,92,108,92,108,35,,,,,,,,
443,1,"Gible","Dragon","Ground",4,0,0,58,70,45,40,45,42,,,,,,,,
444,1,"Gabite","Dragon","Ground",4,0,0,68,90,65,50,55,82,,,,,,,,
445,1,"Garchomp","Dragon","Ground",4,0,1,108,130,95,80,85,102,,,,,,,,
445,2,"Mega Garchomp","Dragon","Ground",4,0,1,108,170,115,120,95,92,,,,,,,,
446,1,"Munchlax","Normal",,4,0,0,135,85,40,40,85,5,,,,,,,,
447,1,"Riolu","Fighting",,4,0,0,40,70,40,35,40,60,,,,,,,,
448,1,"Lucario","Fighting","Steel",4,0,1,70,110,70,115,70,90,,,,,,,,
448,2,"Mega Lucario","Fighting","Steel",4,0,1,70,145,88,140,70,112,,,,,,,,
449,1,"Hippopotas","Ground",,4,0,0,68,72,78,38,42,32,,,,,,,,
450,1,"Hippowdon","Ground",,4,0,0,108,112,118,68,72,47,,,,,,,,
451,1,"Skorupi","Poison","Bug",4,0,0,40,50,90,30,55,65,,,,,,,,
452,1,"Drapion","Poison","Dark",4,0,0,70,90,110,60,75,95,,,,,,,,
453,1,"Croagunk","Poison","Fighting",4,0,0,48,61,40,61,40,50,,,,,,,,
454,1,"Toxicroak","Poison","Fighting",4,0,0,83,106,65,86,65,85,,,,,,,,
455,1,"Carnivine","Grass",,4,0,0,74,100,72,90,72,46,,,,,,,,
456,1,"Finneon","Water",,4,0,0,49,49,56,49,61,66,,,,,,,,
457,1,"Lumineon","Water",,4,0,0,69,69,76,69,86,91,,,,,,,,
458,1,"Mantyke","Water","Flying",4,0,0,45,20,50,60,120,50,,,,,,,,
459,1,"Snover","Grass","Ice",4,0,0,60,62,50,62,60,40,,,,,,,,
460,1,"Abomasnow","Grass","Ice",4,0,1,90,92,75,92,85,60,,,,,,,,
460,2,"Mega Abomasnow","Grass","Ice",4,0,1,90,132,105,132,105,30,,,,,,,,
461,1,"Weavile","Dark","Ice",4,0,0,70,120,65,45,85,125,,,,,,,,
462,1,"Magnezone","Electric","Steel",4,0,0,70,70,115,130,90,60,,,,,,,,
463,1,"Lickilicky","Normal",,4,0,0,110,85,95,80,95,50,,,,,,,,
464,1,"Rhyperior","Ground","Rock",4,0,0,115,140,130,55,55,40,,,,,,,,
465,1,"Tangrowth","Grass",,4,0,0,100,100,125,110,50,50,,,,,,,,
466,1,"Electivire","Electric",,4,0,0,75,123,67,95,85,95,,,,,,,,
467,1,"Magmortar","Fire",,4,0,0,75,95,67,125,95,83,,,,,,,,
468,1,"Togekiss","Fairy","Flying",4,0,0,85,50,95,120,115,80,,,,,,,,
469,1,"Yanmega","Bug","Flying",4,0,0,86,76,86,116,56,95,,,,,,,,
470,1,"Leafeon","Grass",,4,0,0,65,110,130,60,65,95,,,,,,,,
471,1,"Glaceon","Ice",,4,0,0,65,60,110,130,95,65,,,,,,,,
472,1,"Gliscor","Ground","Flying",4,0,0,75,95,125,45,75,95,,,,,,,,
473,1,"Mamoswine","Ice","Ground",4,0,0,110,130,80,70,60,80,,,,,,,,
474,1,"Porygon-Z","Normal",,4,0,0,85,80,70,135,75,90,,,,,,,,
475,1,"Gallade","Psychic","Fighting",4,0,1,68,125,65,65,115,80,,,,,,,,
475,2,"Mega Gallade","Psychic","Fighting",4,0,1,68,165,95,65,115,110,,,,,,,,
476,1,"Probopass","Rock","Steel",4,0,0,60,55,145,75,150,40,,,,,,,,
477,1,"Dusknoir","Ghost",,4,0,0,45,100,135,65,135,45,,,,,,,,
478,1,"Froslass","Ice","Ghost",4,0,0,70,80,70,80,70,110,,,,,,,,
479,1,"Rotom","Electric","Ghost",4,0,0,50,50,77,95,77,91,,,,,,,,
479,2,"Rotom","Electric","Fire",4,0,0,50,65,107,105,107,86,,,,,,,,
479,3,"Rotom","Electric","Water",4,0,0,50,65,107,105,107,86,,,,,,,,
479,4,"Rotom","Electric","Ice",4,0,0,50,65,107,105,107,86,,,,,,,,
479,5,"Rotom","Electric","Flying",4,0,0,50,65,107,105,107,86,,,,,,,,
479,6,"Rotom","Electric","Grass",4,0,0,50,65,107,105,107,86,,,,,,,,
480,1,"Uxie","Psychic",,4,1,0,75,75,130,75,130,95,,,,,,,,
481,1,"Mesprit","Psychic",,4,1,0,80,105,105,105,105,80,,,,,,,,
482,1,"Azelf","Psychic",,4,1,0,75,125,70,125,70,115,,,,,,,,
483,1,"Dialga","Steel","Dragon",4,1,0,100,120,120,150,100,90,,,,,,,,
484,1,"Palkia","Water","Dragon",4,1,0,90,120,100,150,120,100,,,,,,,,
485,1,"Heatran","Fire","Steel",4,1,0,91,90,106,130,106,77,,,,,,,,
486,1,"Regigigas","Normal",,4,1,0,110,160,110,80,110,100,,,,,,,,
487,1,"Giratina","Ghost","Dragon",4,1,0,150,100,120,100,120,90,,,,,,,,
487,2,"Giratina","Ghost","Dragon",4,1,0,150,120,100,120,100,90,,,,,,,,
488,1,"Cresselia","Psychic",,4,1,0,120,70,120,75,130,85,,,,,,,,
489,1,"Phione","Water",,4,1,0,80,80,80,80,80,80,,,,,,,,
490,1,"Manaphy","Water",,4,1,0,100,100,100,100,100,100,,,,,,,,
491,1,"Darkrai","Dark",,4,1,0,70,90,90,135,90,125,,,,,,,,
492,1,"Shaymin","Grass",,4,1,0,100,100,100,100,100,100,,,,,,,,
492,2,"Shaymin","Grass","Flying",4,1,0,100,103,75,120,75,127,,,,,,,,
493,1,"Arceus","Normal",,4,1,0,120,120,120,120,120,120,,,,,,,,
494,1,"Victini","Psychic","Fire",5,1,0,100,100,100,100,100,100,,,,,,,,
495,1,"Snivy","Grass",,5,0,0,45,45,55,45,55,63,,,,,,,,
496,1,"Servine","Grass",,5,0,0,60,60,75,60,75,83,,,,,,,,
497,1,"Serperior","Grass",,5,0,0,75,75,95,75,95,113,,,,,,,,
498,1,"Tepig","Fire",,5,0,0,65,63,45,45,45,45,,,,,,,,
499,1,"Pignite","Fire","Fighting",5,0,0,90,93,55,70,55,55,,,,,,,,
500,1,"Emboar","Fire","Fighting",5,0,0,110,123,65,100,65,65,,,,,,,,
501,1,"Oshawott","Water",,5,0,0,55,55,45,63,45,45,,,,,,,,
502,1,"Dewott","Water",,5,0,0,75,75,60,83,60,60,,,,,,,,
503,1,"Samurott","Water",,5,0,0,95,100,85,108,70,70,,,,,,,,
504,1,"Patrat","Normal",,5,0,0,45,55,39,35,39,42,,,,,,,,
505,1,"Watchog","Normal",,5,0,0,60,85,69,60,69,77,,,,,,,,
506,1,"Lillipup","Normal",,5,0,0,45,60,45,25,45,55,,,,,,,,
507,1,"Herdier","Normal",,5,0,0,65,80,65,35,65,60,,,,,,,,
508,1,"Stoutland","Normal",,5,0,0,85,110,90,45,90,80,,,,,,,,
509,1,"Purrloin","Dark",,5,0,0,41,50,37,50,37,66,,,,,,,,
510,1,"Liepard","Dark",,5,0,0,64,88,50,88,50,106,,,,,,,,
511,1,"Pansage","Grass",,5,0,0,50,53,48,53,48,64,,,,,,,,
512,1,"Simisage","Grass",,5,0,0,75,98,63,98,63,101,,,,,,,,
513,1,"Pansear","Fire",,5,0,0,50,53,48,53,48,64,,,,,,,,
514,1,"Simisear","Fire",,5,0,0,75,98,63,98,63,101,,,,,,,,
515,1,"Panpour","Water",,5,0,0,50,53,48,53,48,64,,,,,,,,
516,1,"Simipour","Water",,5,0,0,75,98,63,98,63,101,,,,,,,,
517,1,"Munna","Psychic",,5,0,0,76,25,45,67,55,24,,,,,,,,
518,1,"Musharna","Psychic",,5,0,0,116,55,85,107,95,29,,,,,,,,
519,1,"Pidove","Normal","Flying",5,0,0,50,55,50,36,30,43,,,,,,,,
520,1,"Tranquill","Normal","Flying",5,0,0,62,77,62,50,42,65,,,,,,,,
521,1,"Unfezant","Normal","Flying",5,0,0,80,115,80,65,55,93,,,,,,,,
522,1,"Blitzle","Electric",,5,0,0,45,60,32,50,32,76,,,,,,,,
523,1,"Zebstrika","Electric",,5,0,0,75,100,63,80,63,116,,,,,,,,
524,1,"Roggenrola","Rock",,5,0,0,55,75,85,25,25,15,,,,,,,,
525,1,"Boldore","Rock",,5,0,0,70,105,105,50,40,20,,,,,,,,
526,1,"Gigalith","Rock",,5,0,0,85,135,130,60,80,25,,,,,,,,
527,1,"Woobat","Psychic","Flying",5,0,0,65,45,43,55,43,72,,,,,,,,
528,1,"Swoobat","Psychic","Flying",5,0,0,67,57,55,77,55,114,,,,,,,,
529,1,"Drilbur","Ground",,5,0,0,60,85,40,30,45,68,,,,,,,,
530,1,"Excadrill","Ground","Steel",5,0,0,110,135,60,50,65,88,,,,,,,,
531,1,"Audino","Normal",,5,0,1,103,60,86,60,86,50,,,,,,,,
531,2,"Mega Audino","Normal","Fairy",5,0,1,103,60,126,80,126,50,,,,,,,,
532,1,"Timburr","Fighting",,5,0,0,75,80,55,25,35,35,,,,,,,,
533,1,"Gurdurr","Fighting",,5,0,0,85,105,85,40,50,40,,,,,,,,
534,1,"Conkeldurr","Fighting",,5,0,0,105,140,95,55,65,45,,,,,,,,
535,1,"Tympole","Water",,5,0,0,50,50,40,50,40,64,,,,,,,,
536,1,"Palpitoad","Water","Ground",5,0,0,75,65,55,65,55,69,,,,,,,,
537,1,"Seismitoad","Water","Ground",5,0,0,105,95,75,85,75,74,,,,,,,,
538,1,"Throh","Fighting",,5,0,0,120,100,85,30,85,45,,,,,,,,
539,1,"Sawk","Fighting",,5,0,0,75,125,75,30,75,85,,,,,,,,
540,1,"Sewaddle","Bug","Grass",5,0,0,45,53,70,40,60,42,,,,,,,,
541,1,"Swadloon","Bug","Grass",5,0,0,55,63,90,50,80,42,,,,,,,,
542,1,"Leavanny","Bug","Grass",5,0,0,75,103,80,70,80,92,,,,,,,,
543,1,"Venipede","Bug","Poison",5,0,0,30,45,59,30,39,57,,,,,,,,
544,1,"Whirlipede","Bug","Poison",5,0,0,40,55,99,40,79,47,,,,,,,,
545,1,"Scolipede","Bug","Poison",5,0,0,60,100,89,55,69,112,,,,,,,,
546,1,"Cottonee","Grass","Fairy",5,0,0,40,27,60,37,50,66,,,,,,,,
547,1,"Whimsicott","Grass","Fairy",5,0,0,60,67,85,77,75,116,,,,,,,,
548,1,"Petilil","Grass",,5,0,0,45,35,50,70,50,30,,,,,,,,
549,1,"Lilligant","Grass",,5,0,0,70,60,75,110,75,90,,,,,,,,
550,1,"Basculin","Water",,5,0,0,70,92,65,80,55,98,,,,,,,,
550,2,"Basculin","Water",,5,0,0,70,92,65,80,55,98,,,,,,,,
551,1,"Sandile","Ground","Dark",5,0,0,50,72,35,35,35,65,,,,,,,,
552,1,"Krokorok","Ground","Dark",5,0,0,60,82,45,45,45,74,,,,,,,,
553,1,"Krookodile","Ground","Dark",5,0,0,95,117,80,65,70,92,,,,,,,,
554,1,"Darumaka","Fire",,5,0,0,70,90,45,15,45,50,,,,,,,,
554,2,"Darumaka","Ice",,8,0,0,70,90,45,15,45,50,,,,,,,,
555,1,"Darmanitan","Fire",,5,0,0,105,140,55,30,55,95,,,,,,,,
555,2,"Darmanitan","Fire","Psychic",5,0,0,105,30,105,140,105,55,,,,,,,,
555,3,"Darmanitan","Ice",,8,0,0,105,140,55,30,55,95,,,,,,,,
555,4,"Darmanitan","Ice","Fire",8,0,0,105,160,55,30,55,135,,,,,,,,
556,1,"Maractus","Grass",,5,0,0,75,86,67,106,67,60,,,,,,,,
557,1,"Dwebble","Bug","Rock",5,0,0,50,65,85,35,35,55,,,,,,,,
558,1,"Crustle","Bug","Rock",5,0,0,70,105,125,65,75,45,,,,,,,,
559,1,"Scraggy","Dark","Fighting",5,0,0,50,75,70,35,70,48,,,,,,,,
560,1,"Scrafty","Dark","Fighting",5,0,0,65,90,115,45,115,58,,,,,,,,
561,1,"Sigilyph","Psychic","Flying",5,0,0,72,58,80,103,80,97,,,,,,,,
562,1,"Yamask","Ghost",,5,0,0,38,30,85,55,65,30,,,,,,,,
562,2,"Yamask","Ghost","Ground",8,0,0,38,55,85,30,65,30,,,,,,,,
563,1,"Cofagrigus","Ghost",,5,0,0,58,50,145,95,105,30,,,,,,,,
564,1,"Tirtouga","Water","Rock",5,0,0,54,78,103,53,45,22,,,,,,,,
565,1,"Carracosta","Water","Rock",5,0,0,74,108,133,83,65,32,,,,,,,,
566,1,"Archen","Rock","Flying",5,0,0,55,112,45,74,45,70,,,,,,,,
567,1,"Archeops","Rock","Flying",5,0,0,75,140,65,112,65,110,,,,,,,,
568,1,"Trubbish","Poison",,5,0,0,50,50,62,40,62,65,,,,,,,,
569,1,"Garbodor","Poison",,5,0,0,80,95,82,60,82,75,,,,,,,,
570,1,"Zorua","Dark",,5,0,0,40,65,40,80,40,65,,,,,,,,
571,1,"Zoroark","Dark",,5,0,0,60,105,60,120,60,105,,,,,,,,
572,1,"Minccino","Normal",,5,0,0,55,50,40,40,40,75,,,,,,,,
573,1,"Cinccino","Normal",,5,0,0,75,95,60,65,60,115,,,,,,,,
574,1,"Gothita","Psychic",,5,0,0,45,30,50,55,65,45,,,,,,,,
575,1,"Gothorita","Psychic",,5,0,0,60,45,70,75,85,55,,,,,,,,
576,1,"Gothitelle","Psychic",,5,0,0,70,55,95,95,110,65,,,,,,,,
577,1,"Solosis","Psychic",,5,0,0,45,30,40,105,50,20,,,,,,,,
578,1,"Duosion","Psychic",,5,0,0,65,40,50,125,60,30,,,,,,,,
579,1,"Reuniclus","Psychic",,5,0,0,110,65,75,125,85,30,,,,,,,,
580,1,"Ducklett","Water","Flying",5,0,0,62,44,50,44,50,55,,,,,,,,
581,1,"Swanna","Water","Flying",5,0,0,75,87,63,87,63,98,,,,,,,,
582,1,"Vanillite","Ice",,5,0,0,36,50,50,65,60,44,,,,,,,,
583,1,"Vanillish","Ice",,5,0,0,51,65,65,80,75,59,,,,,,,,
584,1,"Vanilluxe","Ice",,5,0,0,71,95,85,110,95,79,,,,,,,,
585,1,"Deerling","Normal","Grass",5,0,0,60,60,50,40,50,75,,,,,,,,
585,2,"Deerling","Normal","Grass",5,0,0,60,60,50,40,50,75,,,,,,,,
585,3,"Deerling","Normal","Grass",5,0,0,60,60,50,40,50,75,,,,,,,,
585,4,"Deerling","Normal","Grass",5,0,0,60,60,50,40,50,75,,,,,,,,
586,1,"Sawsbuck","Normal","Grass",5,0,0,80,100,70,60,70,95,,,,,,,,
586,2,"Sawsbuck","Normal","Grass",5,0,0,80,100,70,60,70,95,,,,,,,,
586,3,"Sawsbuck","Normal","Grass",5,0,0,80,100,70,60,70,95,,,,,,,,
586,4,"Sawsbuck","Normal","Grass",5,0,0,80,100,70,60,70,95,,,,,,,,
587,1,"Emolga","Electric","Flying",5,0,0,55,75,60,75,60,103,,,,,,,,
588,1,"Karrablast","Bug",,5,0,0,50,75,45,40,45,60,,,,,,,,
589,1,"Escavalier","Bug","Steel",5,0,0,70,135,105,60,105,20,,,,,,,,
590,1,"Foongus","Grass","Poison",5,0,0,69,55,45,55,55,15,,,,,,,,
591,1,"Amoonguss","Grass","Poison",5,0,0,114,85,70,85,80,30,,,,,,,,
592,1,"Frillish","Water","Ghost",5,0,0,55,40,50,65,85,40,,,,,,,,
593,1,"Jellicent","Water","Ghost",5,0,0,100,60,70,85,105,60,,,,,,,,
594,1,"Alomomola","Water",,5,0,0,165,75,80,40,45,65,,,,,,,,
595,1,"Joltik","Bug","Electric",5,0,0,50,47,50,57,50,65,,,,,,,,
596,1,"Galvantula","Bug","Electric",5,0,0,70,77,60,97,60,108,,,,,,,,
597,1,"Ferroseed","Grass","Steel",5,0,0,44,50,91,24,86,10,,,,,,,,
598,1,"Ferrothorn","Grass","Steel",5,0,0,74,94,131,54,116,20,,,,,,,,
599,1,"Klink","Steel",,5,0,0,40,55,70,45,60,30,,,,,,,,
600,1,"Klang","Steel",,5,0,0,60,80,95,70,85,50,,,,,,,,
601,1,"Klinklang","Steel",,5,0,0,60,100,115,70,85,90,,,,,,,,
602,1,"Tynamo","Electric",,5,0,0,35,55,40,45,40,60,,,,,,,,
603,1,"Eelektrik","Electric",,5,0,0,65,85,70,75,70,40,,,,,,,,
604,1,"Eelektross","Electric",,5,0,0,85,115,80,105,80,50,,,,,,,,
605,1,"Elgyem","Psychic",,5,0,0,55,55,55,85,55,30,,,,,,,,
606,1,"Beheeyem","Psychic",,5,0,0,75,75,75,125,95,40,,,,,,,,
607,1,"Litwick","Ghost","Fire",5,0,0,50,30,55,65,55,20,,,,,,,,
608,1,"Lampent","Ghost","Fire",5,0,0,60,40,60,95,60,55,,,,,,,,
609,1,"Chandelure","Ghost","Fire",5,0,0,60,55,90,145,90,80,,,,,,,,
610,1,"Axew","Dragon",,5,0,0,46,87,60,30,40,57,,,,,,,,
611,1,"Fraxure","Dragon",,5,0,0,66,117,70,40,50,67,,,,,,,,
612,1,"Haxorus","Dragon",,5,0,0,76,147,90,60,70,97,,,,,,,,
613,1,"Cubchoo","Ice",,5,0,0,55,70,40,60,40,40,,,,,,,,
614,1,"Beartic","Ice",,5,0,0,95,130,80,70,80,50,,,,,,,,
615,1,"Cryogonal","Ice",,5,0,0,80,50,50,95,135,105,,,,,,,,
616,1,"Shelmet","Bug",,5,0,0,50,40,85,40,65,25,,,,,,,,
617,1,"Accelgor","Bug",,5,0,0,80,70,40,100,60,145,,,,,,,,
618,1,"Stunfisk","Electric","Ground",5,0,0,109,66,84,81,99,32,,,,,,,,
618,2,"Stunfisk","Ground","Steel",8,0,0,109,81,99,66,84,32,,,,,,,,
619,1,"Mienfoo","Fighting",,5,0,0,45,85,50,55,50,65,,,,,,,,
620,1,"Mienshao","Fighting",,5,0,0,65,125,60,95,60,105,,,,,,,,
621,1,"Druddigon","Dragon",,5,0,0,77,120,90,60,90,48,,,,,,,,
622,1,"Golett","Ground","Ghost",5,0,0,59,74,50,35,50,35,,,,,,,,
623,1,"Golurk","Ground","Ghost",5,0,0,89,124,80,55,80,55,,,,,,,,
624,1,"Pawniard","Dark","Steel",5,0,0,45,85,70,40,40,60,,,,,,,,
625,1,"Bisharp","Dark","Steel",5,0,0,65,125,100,60,70,70,,,,,,,,
626,1,"Bouffalant","Normal",,5,0,0,95,110,95,40,95,55,,,,,,,,
627,1,"Rufflet","Normal","Flying",5,0,0,70,83,50,37,50,60,,,,,,,,
628,1,"Braviary","Normal","Flying",5,0,0,100,123,75,57,75,80,,,,,,,,
629,1,"Vullaby","Dark","Flying",5,0,0,70,55,75,45,65,60,,,,,,,,
630,1,"Mandibuzz","Dark","Flying",5,0,0,110,65,105,55,95,80,,,,,,,,
631,1,"Heatmor","Fire",,5,0,0,85,97,66,105,66,65,,,,,,,,
632,1,"Durant","Bug","Steel",5,0,0,58,109,112,48,48,109,,,,,,,,
633,1,"Deino","Dark","Dragon",5,0,0,52,65,50,45,50,38,,,,,,,,
634,1,"Zweilous","Dark","Dragon",5,0,0,72,85,70,65,70,58,,,,,,,,
635,1,"Hydreigon","Dark","Dragon",5,0,0,92,105,90,125,90,98,,,,,,,,
636,1,"Larvesta","Bug","Fire",5,0,0,55,85,55,50,55,60,,,,,,,,
637,1,"Volcarona","Bug","Fire",5,0,0,85,60,65,135,105,100,,,,,,,,
638,1,"Cobalion","Steel","Fighting",5,1,0,91,90,129,90,72,108,,,,,,,,
639,1,"Terrakion","Rock","Fighting",5,1,0,91,129,90,72,90,108,,,,,,,,
640,1,"Virizion","Grass","Fighting",5,1,0,91,90,72,90,129,108,,,,,,,,
641,1,"Tornadus","Flying",,5,1,0,79,115,70,125,80,111,,,,,,,,
641,2,"Tornadus","Flying",,5,1,0,79,100,80,110,90,121,,,,,,,,
642,1,"Thundurus","Electric","Flying",5,1,0,79,115,70,125,80,111,,,,,,,,
642,2,"Thundurus","Electric","Flying",5,1,0,79,105,70,145,80,101,,,,,,,,
643,1,"Reshiram","Dragon","Fire",5,1,0,100,120,100,150,120,90,,,,,,,,
644,1,"Zekrom","Dragon","Electric",5,1,0,100,150,120,120,100,90,,,,,,,,
645,1,"Landorus","Ground","Flying",5,1,0,89,125,90,115,80,101,,,,,,,,
645,2,"Landorus","Ground","Flying",5,1,0,89,145,90,105,80,91,,,,,,,,
646,1,"Kyurem","Dragon","Ice",5,1,0,125,130,90,130,90,95,,,,,,,,
646,2,"Kyurem","Dragon","Ice",5,1,0,125,120,90,170,100,95,,,,,,,,
646,3,"Kyurem","Dragon","Ice",5,1,0,125,170,100,120,90,95,,,,,,,,
647,1,"Keldeo","Water","Fighting",5,1,0,91,72,90,129,90,108,,,,,,,,
647,2,"Keldeo","Water","Fighting",5,1,0,91,72,90,129,90,108,,,,,,,,
648,1,"Meloetta","Normal","Psychic",5,1,0,100,77,77,128,128,90,,,,,,,,
648,2,"Meloetta","Normal","Fighting",5,1,0,100,128,90,77,77,128,,,,,,,,
649,1,"Genesect","Bug","Steel",5,1,0,71,120,95,120,95,99,,,,,,,,
650,1,"Chespin","Grass",,6,0,0,56,61,65,48,45,38,,,,,,,,
651,1,"Quilladin","Grass",,6,0,0,61,78,95,56,58,57,,,,,,,,
652,1,"Chesnaught","Grass","Fighting",6,0,0,88,107,122,74,75,64,,,,,,,,
653,1,"Fennekin","Fire",,6,0,0,40,45,40,62,60,60,,,,,,,,
654,1,"Braixen","Fire",,6,0,0,59,59,58,90,70,73,,,,,,,,
655,1,"Delphox","Fire","Psychic",6,0,0,75,69,72,114,100,104,,,,,,,,
656,1,"Froakie","Water",,6,0,0,41,56,40,62,44,71,,,,,,,,
657,1,"Frogadier","Water",,6,0,0,54,63,52,83,56,97,,,,,,,,
658,1,"Greninja","Water","Dark",6,0,0,72,95,67,103,71,122,,,,,,,,
658,2,"Greninja","Water","Dark",7,1,0,72,145,67,153,71,132,,,,,,,,
659,1,"Bunnelby","Normal",,6,0,0,38,36,38,32,36,57,,,,,,,,
660,1,"Diggersby","Normal","Ground",6,0,0,85,56,77,50,77,78,,,,,,,,
661,1,"Fletchling","Normal","Flying",6,0,0,45,50,43,40,38,62,,,,,,,,
662,1,"Fletchinder","Fire","Flying",6,0,0,62,73,55,56,52,84,,,,,,,,
663,1,"Talonflame","Fire","Flying",6,0,0,78,81,71,74,69,126,,,,,,,,
664,1,"Scatterbug","Bug",,6,0,0,38,35,40,27,25,35,,,,,,,,
665,1,"Spewpa","Bug",,6,0,0,45,22,60,27,30,29,,,,,,,,
666,1,"Vivillon","Bug","Flying",6,0,0,80,52,50,90,50,89,,,,,,,,
667,1,"Litleo","Fire","Normal",6,0,0,62,50,58,73,54,72,,,,,,,,
668,1,"Pyroar","Fire","Normal",6,0,0,86,68,72,109,66,106,,,,,,,,
669,1,"Flabebe","Fairy",,6,0,0,44,38,39,61,79,42,,,,,,,,
670,1,"Floette","Fairy",,6,0,0,54,45,47,75,98,52,,,,,,,,
671,1,"Florges","Fairy",,6,0,0,78,65,68,112,154,75,,,,,,,,
672,1,"Skiddo","Grass",,6,0,0,66,65,48,62,57,52,,,,,,,,
673,1,"Gogoat","Grass",,6,0,0,123,100,62,97,81,68,,,,,,,,
674,1,"Pancham","Fighting",,6,0,0,67,82,62,46,48,43,,,,,,,,
675,1,"Pangoro","Fighting","Dark",6,0,0,95,124,78,69,71,58,,,,,,,,
676,1,"Furfrou","Normal",,6,0,0,75,80,60,65,90,102,,,,,,,,
677,1,"Espurr","Psychic",,6,0,0,62,48,54,63,60,68,,,,,,,,
678,1,"Meowstic M","Psychic",,6,0,0,74,48,76,83,81,104,,,,,,,,
678,2,"Meowstic F","Psychic",,6,0,0,74,48,76,83,81,104,,,,,,,,
679,1,"Honedge","Steel","Ghost",6,0,0,45,80,100,35,37,28,,,,,,,,
680,1,"Doublade","Steel","Ghost",6,0,0,59,110,150,45,49,35,,,,,,,,
681,1,"Aegislash","Steel","Ghost",6,0,0,60,50,150,50,150,60,,,,,,,,
681,2,"Aegislash","Steel","Ghost",6,0,0,60,150,50,150,50,60,,,,,,,,
682,1,"Spritzee","Fairy",,6,0,0,78,52,60,63,65,23,,,,,,,,
683,1,"Aromatisse","Fairy",,6,0,0,101,72,72,99,89,29,,,,,,,,
684,1,"Swirlix","Fairy",,6,0,0,62,48,66,59,57,49,,,,,,,,
685,1,"Slurpuff","Fairy",,6,0,0,82,80,86,85,75,72,,,,,,,,
686,1,"Inkay","Dark","Psychic",6,0,0,53,54,53,37,46,45,,,,,,,,
687,1,"Malamar","Dark","Psychic",6,0,0,86,92,88,68,75,73,,,,,,,,
688,1,"Binacle","Rock","Water",6,0,0,42,52,67,39,56,50,,,,,,,,
689,1,"Barbaracle","Rock","Water",6,0,0,72,105,115,54,86,68,,,,,,,,
690,1,"Skrelp","Poison","Water",6,0,0,50,60,60,60,60,30,,,,,,,,
691,1,"Dragalge","Poison","Dragon",6,0,0,65,75,90,97,123,44,,,,,,,,
692,1,"Clauncher","Water",,6,0,0,50,53,62,58,63,44,,,,,,,,
693,1,"Clawitzer","Water",,6,0,0,71,73,88,120,89,59,,,,,,,,
694,1,"Helioptile","Electric","Normal",6,0,0,44,38,33,61,43,70,,,,,,,,
695,1,"Heliolisk","Electric","Normal",6,0,0,62,55,52,109,94,109,,,,,,,,
696,1,"Tyrunt","Rock","Dragon",6,0,0,58,89,77,45,45,48,,,,,,,,
697,1,"Tyrantrum","Rock","Dragon",6,0,0,82,121,119,69,59,71,,,,,,,,
698,1,"Amaura","Rock","Ice",6,0,0,77,59,50,67,63,46,,,,,,,,
699,1,"Aurorus","Rock","Ice",6,0,0,123,77,72,99,92,58,,,,,,,,
700,1,"Sylveon","Fairy",,6,0,0,95,65,65,110,130,60,,,,,,,,
701,1,"Hawlucha","Fighting","Flying",6,0,0,78,92,75,74,63,118,,,,,,,,
702,1,"Dedenne","Electric","Fairy",6,0,0,67,58,57,81,67,101,,,,,,,,
703,1,"Carbink","Rock","Fairy",6,0,0,50,50,150,50,150,50,,,,,,,,
704,1,"Goomy","Dragon",,6,0,0,45,50,35,55,75,40,,,,,,,,
705,1,"Sliggoo","Dragon",,6,0,0,68,75,53,83,113,60,,,,,,,,
706,1,"Goodra","Dragon",,6,0,0,90,100,70,110,150,80,,,,,,,,
707,1,"Klefki","Steel","Fairy",6,0,0,57,80,91,80,87,75,,,,,,,,
708,1,"Phantump","Ghost","Grass",6,0,0,43,70,48,50,60,38,,,,,,,,
709,1,"Trevenant","Ghost","Grass",6,0,0,85,110,76,65,82,56,,,,,,,,
710,1,"Pumpkaboo","Ghost","Grass",6,0,0,49,66,70,44,55,51,,,,,,,,
710,2,"Pumpkaboo","Ghost","Grass",6,0,0,44,66,70,44,55,56,,,,,,,,
710,3,"Pumpkaboo","Ghost","Grass",6,0,0,54,66,70,44,55,46,,,,,,,,
710,4,"Pumpkaboo","Ghost","Grass",6,0,0,59,66,70,44,55,41,,,,,,,,
711,1,"Gourgeist","Ghost","Grass",6,0,0,65,90,122,58,75,84,,,,,,,,
711,2,"Gourgeist","Ghost","Grass",6,0,0,55,85,122,58,75,99,,,,,,,,
711,3,"Gourgeist","Ghost","Grass",6,0,0,75,95,122,58,75,69,,,,,,,,
711,4,"Gourgeist","Ghost","Grass",6,0,0,85,100,122,58,75,54,,,,,,,,
712,1,"Bergmite","Ice",,6,0,0,55,69,85,32,35,28,,,,,,,,
713,1,"Avalugg","Ice",,6,0,0,95,117,184,44,46,28,,,,,,,,
714,1,"Noibat","Flying","Dragon",6,0,0,40,30,35,45,40,55,,,,,,,,
715,1,"Noivern","Flying","Dragon",6,0,0,85,70,80,97,80,123,,,,,,,,
716,1,"Xerneas","Fairy",,6,1,0,126,131,95,131,98,99,,,,,,,,
717,1,"Yveltal","Dark","Flying",6,1,0,126,131,95,131,98,99,,,,,,,,
718,1,"Zygarde","Dragon","Ground",6,1,0,108,100,121,81,95,95,,,,,,,,
718,2,"Zygarde","Dragon","Ground",6,1,0,54,100,71,61,85,115,,,,,,,,
718,3,"Zygarde","Dragon","Ground",6,1,0,216,100,121,91,95,85,,,,,,,,
719,1,"Diancie","Rock","Fairy",6,1,1,50,100,150,100,150,50,,,,,,,,
719,2,"Mega Diancie","Rock","Fairy",6,1,1,50,160,110,160,110,110,,,,,,,,
720,1,"Hoopa","Psychic","Ghost",6,1,0,80,110,60,150,130,70,,,,,,,,
720,2,"Hoopa","Psychic","Dark",6,1,0,80,160,60,170,130,80,,,,,,,,
721,1,"Volcanion","Fire","Water",6,1,0,80,110,120,130,90,70,,,,,,,,
722,1,"Rowlet","Grass","Flying",7,0,0,68,55,55,50,50,42,,,,,,,,
723,1,"Dartrix","Grass","Flying",7,0,0,78,75,75,70,70,52,,,,,,,,
724,1,"Decidueye","Grass","Ghost",7,0,0,78,107,75,100,100,70,,,,,,,,
725,1,"Litten","Fire",,7,0,0,45,65,40,60,40,70,,,,,,,,
726,1,"Torracat","Fire",,7,0,0,65,85,50,80,50,90,,,,,,,,
727,1,"Incineroar","Fire","Dark",7,0,0,95,115,90,80,90,60,,,,,,,,
728,1,"Popplio","Water",,7,0,0,50,54,54,66,56,40,,,,,,,,
729,1,"Brionne","Water",,7,0,0,60,69,69,91,81,50,,,,,,,,
730,1,"Primarina","Water","Fairy",7,0,0,80,74,74,126,116,60,,,,,,,,
731,1,"Pikipek","Normal","Flying",7,0,0,35,75,30,30,30,65,,,,,,,,
732,1,"Trumbeak","Normal","Flying",7,0,0,55,85,50,40,50,75,,,,,,,,
733,1,"Toucannon","Normal","Flying",7,0,0,80,120,75,75,75,60,,,,,,,,
734,1,"Yungoos","Normal",,7,0,0,48,70,30,30,30,45,,,,,,,,
735,1,"Gumshoos","Normal",,7,0,0,88,110,60,55,60,45,,,,,,,,
736,1,"Grubbin","Bug",,7,0,0,47,62,45,55,45,46,,,,,,,,
737,1,"Charjabug","Bug","Electric",7,0,0,57,82,95,55,75,36,,,,,,,,
738,1,"Vikavolt","Bug","Electric",7,0,0,77,70,90,145,75,43,,,,,,,,
739,1,"Crabrawler","Fighting",,7,0,0,47,82,57,42,47,63,,,,,,,,
740,1,"Crabominable","Fighting","Ice",7,0,0,97,132,77,62,67,43,,,,,,,,
741,1,"Oricorio","Fire","Flying",7,0,0,75,70,70,98,70,93,,,,,,,,
741,2,"Oricorio","Electric","Flying",7,0,0,75,70,70,98,70,93,,,,,,,,
741,3,"Oricorio","Psychic","Flying",7,0,0,75,70,70,98,70,93,,,,,,,,
741,4,"Oricorio","Ghost","Flying",7,0,0,75,70,70,98,70,93,,,,,,,,
742,1,"Cutiefly","Bug","Fairy",7,0,0,40,45,40,55,40,84,,,,,,,,
743,1,"Ribombee","Bug","Fairy",7,0,0,60,55,60,95,70,124,,,,,,,,
744,1,"Rockruff","Rock",,7,0,0,45,65,40,30,40,60,,,,,,,,
744,2,"Rockruff","Rock",,7,0,0,45,65,40,30,40,60,,,,,,,,
745,1,"Lycanroc","Rock",,7,0,0,75,115,65,55,65,112,,,,,,,,
745,2,"Lycanroc","Rock",,7,0,0,85,115,75,55,75,82,,,,,,,,
745,3,"Lycanroc","Rock",,7,0,0,75,117,65,55,65,110,,,,,,,,
746,1,"Wishiwashi","Water",,7,0,0,45,20,20,25,25,40,,,,,,,,
746,2,"Wishiwashi","Water",,7,0,0,45,140,130,140,135,30,,,,,,,,
747,1,"Mareanie","Poison","Water",7,0,0,50,53,62,43,52,45,,,,,,,,
748,1,"Toxapex","Poison","Water",7,0,0,50,63,152,53,142,35,,,,,,,,
749,1,"Mudbray","Ground",,7,0,0,70,100,70,45,55,45,,,,,,,,
750,1,"Mudsdale","Ground",,7,0,0,100,125,100,55,85,35,,,,,,,,
751,1,"Dewpider","Water","Bug",7,0,0,38,40,52,40,72,27,,,,,,,,
752,1,"Araquanid","Water","Bug",7,0,0,68,70,92,50,132,42,,,,,,,,
753,1,"Fomantis","Grass",,7,0,0,40,55,35,50,35,35,,,,,,,,
754,1,"Lurantis","Grass",,7,0,0,70,105,90,80,90,45,,,,,,,,
755,1,"Morelull","Grass","Fairy",7,0,0,40,35,55,65,75,15,,,,,,,,
756,1,"Shiinotic","Grass","Fairy",7,0,0,60,45,80,90,100,30,,,,,,,,
757,1,"Salandit","Poison","Fire",7,0,0,48,44,40,71,40,77,,,,,,,,
758,1,"Salazzle","Poison","Fire",7,0,0,68,64,60,111,60,117,,,,,,,,
759,1,"Stufful","Normal","Fighting",7,0,0,70,75,50,45,50,50,,,,,,,,
760,1,"Bewear","Normal","Fighting",7,0,0,120,125,80,55,60,60,,,,,,,,
761,1,"Bounsweet","Grass",,7,0,0,42,30,38,30,38,32,,,,,,,,
762,1,"Steenee","Grass",,7,0,0,52,40,48,40,48,62,,,,,,,,
763,1,"Tsareena","Grass",,7,0,0,72,120,98,50,98,72,,,,,,,,
764,1,"Comfey","Fairy",,7,0,0,51,52,90,82,110,100,,,,,,,,
765,1,"Oranguru","Normal","Psychic",7,0,0,90,60,80,90,110,60,,,,,,,,
766,1,"Passimian","Fighting",,7,0,0,100,120,90,40,60,80,,,,,,,,
767,1,"Wimpod","Bug","Water",7,0,0,25,35,40,20,30,80,,,,,,,,
768,1,"Golisopod","Bug","Water",7,0,0,75,125,140,60,90,40,,,,,,,,
769,1,"Sandygast","Ghost","Ground",7,0,0,55,55,80,70,45,15,,,,,,,,
770,1,"Palossand","Ghost","Ground",7,0,0,85,75,110,100,75,35,,,,,,,,
771,1,"Pyukumuku","Water",,7,0,0,55,60,130,30,130,5,,,,,,,,
772,1,"Type: Null","Normal",,7,1,0,95,95,95,95,95,59,,,,,,,,
773,1,"Silvally","Normal",,7,1,0,95,95,95,95,95,95,,,,,,,,
774,1,"Minior","Rock","Flying",7,0,0,60,60,100,60,100,60,,,,,,,,
774,2,"Minior","Rock","Flying",7,0,0,60,100,60,100,60,120,,,,,,,,
775,1,"Komala","Normal",,7,0,0,65,115,65,75,95,65,,,,,,,,
776,1,"Turtonator","Fire","Dragon",7,0,0,60,78,135,91,85,36,,,,,,,,
777,1,"Togedemaru","Electric","Steel",7,0,0,65,98,63,40,73,96,,,,,,,,
778,1,"Mimikyu","Ghost","Fairy",7,0,0,55,90,80,50,105,96,,,,,,,,
779,1,"Bruxish","Water","Psychic",7,0,0,68,105,70,70,70,92,,,,,,,,
780,1,"Drampa","Normal","Dragon",7,0,0,78,60,85,135,91,36,,,,,,,,
781,1,"Dhelmise","Ghost","Grass",7,0,0,70,131,100,86,90,40,,,,,,,,
782,1,"Jangmo-o","Dragon",,7,0,0,45,55,65,45,45,45,,,,,,,,
783,1,"Hakamo-o","Dragon","Fighting",7,0,0,55,75,90,65,70,65,,,,,,,,
784,1,"Kommo-o","Dragon","Fighting",7,0,0,75,110,125,100,105,85,,,,,,,,
785,1,"Tapu Koko","Electric","Fairy",7,1,0,70,115,85,95,75,130,,,,,,,,
786,1,"Tapu Lele","Psychic","Fairy",7,1,0,70,85,75,130,115,95,,,,,,,,
787,1,"Tapu Bulu","Grass","Fairy",7,1,0,70,130,115,85,95,75,,,,,,,,
788,1,"Tapu Fini","Water","Fairy",7,1,0,70,75,115,95,130,85,,,,,,,,
789,1,"Cosmog","Psychic",,7,1,0,43,29,31,29,31,37,,,,,,,,
790,1,"Cosmoem","Psychic",,7,1,0,43,29,131,29,131,37,,,,,,,,
791,1,"Solgaleo","Psychic","Steel",7,1,0,137,137,107,113,89,97,,,,,,,,
792,1,"Lunala","Psychic","Ghost",7,1,0,137,113,89,137,107,97,,,,,,,,
793,1,"Nihilego","Rock","Poison",7,1,0,109,53,47,127,131,103,,,,,,,,
794,1,"Buzzwole","Bug","Fighting",7,1,0,107,139,139,53,53,79,,,,,,,,
795,1,"Pheromosa","Bug","Fighting",7,1,0,71,137,37,137,37,151,,,,,,,,
796,1,"Xurkitree","Electric",,7,1,0,83,89,71,173,71,83,,,,,,,,
797,1,"Celesteela","Steel","Flying",7,1,0,97,101,103,107,101,61,,,,,,,,
798,1,"Kartana","Grass","Steel",7,1,0,59,181,131,59,31,109,,,,,,,,
799,1,"Guzzlord","Dark","Dragon",7,1,0,223,101,53,97,53,43,,,,,,,,
800,1,"Necrozma","Psychic",,7,1,0,97,107,101,127,89,79,,,,,,,,
800,2,"Necrozma","Psychic","Steel",7,1,0,97,157,127,113,109,77,,,,,,,,
800,3,"Necrozma","Psychic","Ghost",7,1,0,97,113,109,157,127,77,,,,,,,,
800,4,"Necrozma","Psychic","Dragon",7,1,0,97,167,97,167,97,129,,,,,,,,
801,1,"Magearna","Steel","Fairy",7,1,0,80,95,115,130,115,65,,,,,,,,
802,1,"Marshadow","Fighting","Ghost",7,1,0,90,125,80,90,90,125,,,,,,,,
803,1,"Poipole","Poison",,7,1,0,67,73,67,73,67,73,,,,,,,,
804,1,"Naganadel","Poison","Dragon",7,1,0,73,73,73,127,73,121,,,,,,,,
805,1,"Stakataka","Rock","Steel",7,1,0,61,131,211,53,101,13,,,,,,,,
806,1,"Blacephalon","Fire","Ghost",7,1,0,53,127,53,151,79,107,,,,,,,,
807,1,"Zeraora","Electric",,7,1,0,88,112,75,102,80,143,,,,,,,,
808,1,"Meltan","Steel",,7,1,0,46,65,65,55,35,34,,,,,,,,
809,1,"Melmetal","Steel",,7,1,0,135,143,143,80,65,34,,,,,,,,
810,1,"Grookey","Grass",,8,0,0,50,65,50,40,40,65,,,,,,,,
811,1,"Thwackey","Grass",,8,0,0,70,85,70,55,60,80,,,,,,,,
812,1,"Rillaboom","Grass",,8,0,0,100,125,90,60,70,85,,,,,,,,
813,1,"Scorbunny","Fire",,8,0,0,50,71,40,40,40,69,,,,,,,,
814,1,"Raboot","Fire",,8,0,0,65,86,60,55,60,94,,,,,,,,
815,1,"Cinderace","Fire",,8,0,0,80,116,75,65,75,119,,,,,,,,
816,1,"Sobble","Water",,8,0,0,50,40,40,70,40,70,,,,,,,,
817,1,"Drizzile","Water",,8,0,0,65,60,60,95,55,90,,,,,,,,
818,1,"Inteleon","Water",,8,0,0,70,85,75,125,65,120,,,,,,,,
819,1,"Skwovet","Normal",,8,0,0,70,55,40,35,35,25,,,,,,,,
820,1,"Greedent","Normal",,8,0,0,120,95,55,55,75,20,,,,,,,,
821,1,"Rookidee","Flying",,8,0,0,38,47,65,33,35,57,,,,,,,,
822,1,"Convisquire","Flying",,8,0,0,68,67,55,43,55,77,,,,,,,,
823,1,"Conviknight","Flying","Steel",8,0,0,98,87,105,53,85,67,,,,,,,,
824,1,"Blipbug","Bug",,8,0,0,25,20,20,25,45,45,,,,,,,,
825,1,"Dottler","Bug","Psychic",8,0,0,50,35,80,50,90,30,,,,,,,,
826,1,"Orbeetle","Bug","Psychic",8,0,0,60,45,110,80,120,90,,,,,,,,
827,1,"Nickit","Dark",,8,0,0,40,28,28,47,52,50,,,,,,,,
828,1,"Thievul","Dark",,8,0,0,70,58,58,87,92,90,,,,,,,,
829,1,"Gossifleur","Grass",,8,0,0,40,40,60,40,60,10,,,,,,,,
830,1,"Eldegoss","Grass",,8,0,0,60,50,90,80,120,60,,,,,,,,
831,1,"Wooloo","Normal",,8,0,0,42,40,55,40,45,48,,,,,,,,
832,1,"Dubwool","Normal",,8,0,0,72,80,100,60,90,88,,,,,,,,
833,1,"Chewtle","Water",,8,0,0,50,64,50,38,38,44,,,,,,,,
834,1,"Drednaw","Water","Rock",8,0,0,90,115,90,48,68,74,,,,,,,,
835,1,"Yamper","Electric",,8,0,0,59,45,50,40,50,26,,,,,,,,
836,1,"Boltund","Electric",,8,0,0,69,90,60,90,60,121,,,,,,,,
837,1,"Rolycoly","Rock",,8,0,0,30,40,50,40,50,30,,,,,,,,
838,1,"Carkol","Rock","Fire",8,0,0,80,60,90,60,70,50,,,,,,,,
839,1,"Coalossal","Rock","Fire",8,0,0,110,80,120,80,90,30,,,,,,,,
840,1,"Applin","Grass","Dragon",8,0,0,40,40,80,40,40,20,,,,,,,,
841,1,"Flapple","Grass","Dragon",8,0,0,70,110,80,95,60,70,,,,,,,,
842,1,"Appletun","Grass","Dragon",8,0,0,110,85,80,100,80,30,,,,,,,,
843,1,"Silicobra","Ground",,8,0,0,52,57,75,35,50,46,,,,,,,,
844,1,"Sandaconda","Ground",,8,0,0,72,107,125,65,70,71,,,,,,,,
845,1,"Cramorant","Flying","Water",8,0,0,70,85,55,85,95,85,,,,,,,,
846,1,"Arrokuda","Water",,8,0,0,41,63,40,40,30,66,,,,,,,,
847,1,"Barraskewda","Water",,8,0,0,61,123,60,60,50,136,,,,,,,,
848,1,"Toxel","Electric","Poison",8,0,0,40,38,35,54,35,40,,,,,,,,
849,1,"Toxtricity","Electric","Poison",8,0,0,75,98,70,114,70,75,,,,,,,,
849,2,"Toxtricity","Electric","Poison",8,0,0,75,98,70,114,70,75,,,,,,,,
850,1,"Sizzlipede","Fire","Bug",8,0,0,50,65,45,50,50,45,,,,,,,,
851,1,"Centiskorch","Fire","Bug",8,0,0,100,115,65,90,90,65,,,,,,,,
852,1,"Clobbopus","Fighting",,8,0,0,50,68,60,50,50,32,,,,,,,,
853,1,"Grapploct","Fighting",,8,0,0,80,118,90,70,80,42,,,,,,,,
854,1,"Sinistea","Ghost",,8,0,0,40,45,45,74,54,50,,,,,,,,
855,1,"Polteageist","Ghost",,8,0,0,60,65,65,134,114,70,,,,,,,,
856,1,"Hatenna","Psychic",,8,0,0,42,30,60,56,53,39,,,,,,,,
857,1,"Hattrem","Psychic",,8,0,0,57,40,90,86,73,49,,,,,,,,
858,1,"Hatterene","Psychic","Fairy",8,0,0,57,90,45,136,103,29,,,,,,,,
859,1,"Impidimp","Dark","Fairy",8,0,0,45,45,65,55,40,50,,,,,,,,
860,1,"Morgrem","Dark","Fairy",8,0,0,65,60,45,75,55,70,,,,,,,,
861,1,"Grimmsnarl","Dark","Fairy",8,0,0,95,120,65,95,75,60,,,,,,,,
862,1,"Obstagoon","Dark","Normal",8,0,0,93,90,101,60,81,95,,,,,,,,
863,1,"Perrserker","Steel",,8,0,0,70,110,100,50,60,50,,,,,,,,
864,1,"Cursola","Ghost",,8,0,0,60,95,50,145,130,30,,,,,,,,
865,1,"Sirfetch'd","Fighting",,8,0,0,62,135,95,68,82,65,,,,,,,,
866,1,"Mr. Rime","Ice","Psychic",8,0,0,80,85,75,110,100,70,,,,,,,,
867,1,"Runerigus","Ground","Ghost",8,0,0,58,95,145,50,105,30,,,,,,,,
868,1,"Milcery","Fairy",,8,0,0,45,40,40,50,61,34,,,,,,,,
869,1,"Alcremie","Fairy",,8,0,0,65,60,75,110,121,64,,,,,,,,
870,1,"Falinks","Fighting",,8,0,0,65,100,100,70,60,75,,,,,,,,
871,1,"Pincurchin","Electric",,8,0,0,48,101,95,91,85,15,,,,,,,,
872,1,"Snom","Ice","Bug",8,0,0,30,25,35,45,30,20,,,,,,,,
873,1,"Frosmoth","Ice","Bug",8,0,0,70,65,60,125,90,65,,,,,,,,
874,1,"Stonjourner","Rock",,8,0,0,100,125,135,20,20,70,,,,,,,,
875,1,"Eiscue","Ice",,8,0,0,75,80,110,65,90,50,,,,,,,,
875,2,"Eiscue","Ice",,8,0,0,75,80,70,65,50,130,,,,,,,,
876,1,"Indeedee M","Psychic","Normal",8,0,0,60,65,55,105,95,95,,,,,,,,
876,2,"Indeedee F","Psychic","Normal",8,0,0,70,55,65,95,105,85,,,,,,,,
877,1,"Morpeko","Electric","Dark",8,0,0,58,95,58,70,58,97,,,,,,,,
878,1,"Cufant","Steel",,8,0,0,72,80,49,40,49,40,,,,,,,,
879,1,"Copperajah","Steel",,8,0,0,122,130,69,80,69,30,,,,,,,,
880,1,"Dracozolt","Electric","Dragon",8,0,0,90,100,90,80,70,75,,,,,,,,
881,1,"Arctozolt","Electric","Ice",8,0,0,90,100,90,90,80,55,,,,,,,,
882,1,"Dracovish","Water","Dragon",8,0,0,90,90,100,70,80,75,,,,,,,,
883,1,"Arctovish","Water","Ice",8,0,0,90,90,100,80,90,55,,,,,,,,
884,1,"Duraludon","Steel","Dragon",8,0,0,70,95,115,120,50,85,,,,,,,,
885,1,"Dreepy","Dragon","Ghost",8,0,0,28,60,30,40,30,82,,,,,,,,
886,1,"Drakloak","Dragon","Ghost",8,0,0,68,80,50,60,50,102,,,,,,,,
887,1,"Dragapult","Dragon","Ghost",8,0,0,88,120,75,100,75,142,,,,,,,,
888,1,"Zacian","Fairy",,8,1,0,92,130,115,80,115,138,,,,,,,,
888,2,"Zacian","Fairy","Steel",8,1,0,92,170,115,80,115,148,,,,,,,,
889,1,"Zamazanta","Fighting",,8,1,0,92,130,115,80,115,138,,,,,,,,
889,2,"Zamazanta","Fighting","Steel",8,1,0,92,130,145,80,145,128,,,,,,,,
890,1,"Eternatus","Poison","Dragon",8,1,0,140,85,95,145,95,130,,,,,,,,
891,1,"Kubfu","Fighting",,8,1,0,60,90,60,53,50,72,,,,,,,,
892,1,"Urshifu","Fighting","Dark",8,1,0,100,130,100,63,60,97,,,,,,,,
892,2,"Urshifu","Fighting","Water",8,1,0,100,130,100,63,60,97,,,,,,,,
893,1,"Zarude","Dark","Grass",8,1,0,105,120,105,70,95,105,,,,,,,,
894,1,"Regieleki","Electric","Yellow","1.2",145,80,100,50,200,580,3,30720,0,0,0,0,0,3,3,
895,1,"Regidrago","Dragon","Green","2.1",200,200,100,50,80,580,3,30720,3,0,0,0,0,0,3,
896,1,"Glastrier","Ice","White","2.2",800,100,65,110,30,580,3,30720,0,3,0,0,0,0,3,
897,1,"Spectrier","Ghost","Black",2,"44.5",100,145,80,130,580,3,30720,0,0,0,3,0,0,3,
898,1,"Calyrex","Psychic","Grass",0,"1.1","7.7",80,80,80,80,500,3,250,3,0,0,0,0,0,3
898,2,"Calyrex","Psychic","Ice",0,"2.4","809.1",150,85,130,50,680,3,340,0,3,0,0,0,0,3
898,3,"Calyrex","Psychic","Ghost",0,"2.4","53.6",80,165,100,150,680,3,340,0,0,0,3,0,0,3
